tk_pend,kode_pend,nama_pend
40,6010625,A-IV AKUNTANSI
40,6010534,A-IV SENI TARI
40,5000392,D-IV PENDIDIKAN LUAR SEKOLAH
40,5193674,D-IV/S-1 AKUNTANSI
40,5193686,D-IV/S-1 AKUNTANSI MANAJERIAL
40,5193683,D-IV/S-1 EKONOMI
40,5193677,D-IV/S-1 EKONOMI PEMBANGUNAN
40,5193679,D-IV/S-1 ILMU KOMPUTER
40,5100554,D-IV/S-1 LINTAS DISIPLIN ILMU
40,5193675,D-IV/S-1 MANAJEMEN
40,5193685,D-IV/S-1 PENDIDIKAN TEKNIK SIPIL
40,5193678,D-IV/S-1 SISTEM INFORMASI
40,5193682,D-IV/S-1 TEKNIK INFORMATIKA
40,5193681,D-IV/S-1 TEKNIK PERANGKAT LUNAK
40,5193680,D-IV/S-1 TEKNOLOGI INFORMASI
40,7199921,DOKTER HEWAN
40,5191065,DOKTER UMUM
40,6100036,EKONOMI MANAJEMEN
40,6100062,ILMU ADMINISTRASI NEGARA
40,5101967,ILMU ILMU SOSIAL
40,5101253,ILMU KESEJATERAAN SOSIAL
40,5100922,ILMU PEMERINTAHAN
40,5102048,KEPERAWATAN NERS
40,5101822,PENDIDIKAN GURU SEKOLAH DASAR
40,4210021,PROFESI BIDAN
40,5210136,PROFESI INSINYUR PETERNAKAN
40,5102070,S-1 / AKTA IV BIMBINGAN DAN KONSELING
40,5140411,S-1 ADAB
40,6202382,S-1 ADAB/SEJARAH DAN KEBUDAYAAN ISLAM
40,5126000,S-1 ADMINISTRASI
40,5157011,S-1 ADMINISTRASI BISNIS
40,5200111,S-1 ADMINISTRASI BISNIS SEKTOR PUBLIK
40,5193378,S-1 ADMINISTRASI DAN KEBIJAKAN KESEHATAN
40,5101361,S-1 ADMINISTRASI DAN MANAJEMEN KEPEGAWAIAN
40,5101362,S-1 ADMINISTRASI DAN SUPERVISI PENDIDIKAN
40,5101026,S-1 ADMINISTRASI FISKAL
40,5193499,S-1 ADMINISTRASI HUKUM
40,9400211,S-1 ADMINISTRASI KANTOR
40,5104811,S-1 ADMINISTRASI KEBIJAKAN KESEHATAN
40,5126016,S-1 ADMINISTRASI KEBIJAKAN PUBLIK
40,5100159,S-1 ADMINISTRASI KEPEGAWAIAN
40,5100380,S-1 ADMINISTRASI KESEHATAN
40,5126020,S-1 ADMINISTRASI KETATANEGARAAN
40,5157010,S-1 ADMINISTRASI KEUANGAN
40,5126061,S-1 ADMINISTRASI MANAJEMEN
40,5193171,S-1 ADMINISTRASI MANAJEMEN PUBLIK
40,5100935,S-1 ADMINISTRASI NEGARA
40,5101208,S-1 ADMINISTRASI NEGARA
40,5126013,S-1 ADMINISTRASI NIAGA
40,5190010,S-1 ADMINISTRASI NIAGA BISNIS
40,5193660,S-1 ADMINISTRASI NIAGA PERKANTORAN
40,5102667,S-1 ADMINISTRASI PAJAK
40,5190052,S-1 ADMINISTRASI PEMBANGUNAN
40,5102621,S-1 ADMINISTRASI PEMERINTAH
40,7101489,S-1 ADMINISTRASI PEMERINTAHAN
40,5210314,S-1 ADMINISTRASI PEMERINTAHAN DAERAH
40,5126070,S-1 ADMINISTRASI PEMERINTAHAN UMUM
40,5102273,S-1 ADMINISTRASI PENDIDIKAN
40,5126014,S-1 ADMINISTRASI PENDIDIKAN
40,5126090,S-1 ADMINISTRASI PERKANTORAN
40,5102351,S-1 ADMINISTRASI PERPAJAKAN
40,5100045,S-1 ADMINISTRASI PUBLIK
40,5210315,S-1 ADMINISTRASI PUBLIK
40,5126050,S-1 ADMINISTRASI PUBLISISTIK/JURNALISTIK
40,5193226,S-1 ADMINISTRASI RUMAH SAKIT
40,5126080,S-1 ADMINISTRASI SOSIOLOGI
40,5126011,S-1 ADMINISTRASI UMUM
40,5100229,S-1 ADMINISTRATOR KESEHATAN
40,5192637,S-1 ADMINITRASI NEGARA
40,5100896,S-1 ADMINITRASI PUBLIK
40,9400214,S-1 ADMINSTRASI PUBLIK
40,5140100,S-1 AGAMA
40,5210465,S-1 AGAMA DAN BUDAYA KRISTEN
40,5100994,S-1 AGAMA HINDU
40,5140114,S-1 AGAMA HINDU
40,5140111,S-1 AGAMA ISLAM
40,5119078,S-1 AGAMA KOMUNIKASI DAN PENYIARAN ISLAM
40,5192780,S-1 AGAMA KRISTEN
40,5140415,S-1 AGAMA SASTRA ARAB
40,5102264,S-1 AGAMA TARBIYAH
40,5106188,S-1 AGRIBISNIS
40,5191001,S-1 AGRIBISNIS BID MINAT PENYULUHAN DAN KOMUNIKASI PERIKANAN
40,5193714,S-1 AGRIBISNIS EKONOMI
40,5102737,S-1 AGRIBISNIS HORTIKULTURA
40,5102777,S-1 AGRIBISNIS PANGAN
40,5102306,S-1 AGRIBISNIS PEMBENIHAN DAN KULTUR JARINGAN TANAMAN
40,5191196,S-1 AGRIBISNIS PERIKANAN
40,5101687,S-1 AGRIBISNIS PERTANIAN
40,5192615,S-1 AGRIBISNIS PETERNAKAN
40,5101769,S-1 AGRIBISNIS SOSIAL EKONOMI PERTANIAN
40,5100718,S-1 AGRIBISNIS TANAMAN PERKEBUNAN
40,5102325,S-1 AGRIBISNIS TERNAK UNGGAS/AGRIBISNIS TERNAK RUMINANSIA
40,5102585,S-1 AGRO TEKNOLOGI
40,5100353,S-1 AGRO TEKNOLOGI DAN AGRIBISNIS
40,5009026,S-1 AGROBISNIS
40,5190332,S-1 AGROBISNIS PERIKANAN
40,5101366,S-1 AGROBISNIS PERTANIAN
40,5100137,S-1 AGROEKOTEKNOLOGI
40,5210316,S-1 AGROEKOTEKNOLOGI (MINAT PERLINDUNGAN TANAMAN / HAMA DAN PENYAKIT TUMBUHAN)
40,9940609,S-1 AGROEKOTEKNOLOGI ATAU AGROTEKNOLOGI
40,5210517,S-1 AGROEKOTEKNOLOGI PERTANIAN
40,5193560,S-1 AGROINDUSTRI
40,5106060,S-1 AGRONOMI
40,6202383,S-1 AGRONOMI / BUDIDAYA PERTANIAN
40,5100013,S-1 AGRONOMI DAN HORTIKULTURA
40,5101367,S-1 AGRONOMI KEKHUSUSAN BUDIDAYA PERTANIAN
40,5101369,S-1 AGRONOMI PERTANIAN
40,5210005,S-1 AGRONOMI TANAMAN
40,5191115,S-1 AGROTEKNOLOGI
40,5210317,S-1 AGROTEKNOLOGI (MINAT PERLINDUNGAN TANAMAN / HAMA DAN PENYAKIT TUMBUHAN)
40,5101427,S-1 AGROTEKNOLOGI PERTANIAN
40,5100412,S-1 AHLI TRANSPORTASI
40,5102253,S-1 AHWAL AL SYAHSIYYAH
40,5102655,S-1 AHWAL AL SYAKHSHIYAH
40,5200070,S-1 AHWAL AL SYAKHSIYYAH
40,5193170,S-1 AHWAL AL-SYAKHSHIYYAH
40,5102277,S-1 AHWAL AL-SYAKHSYIYAH
40,6202346,S-1 AHWAL AL-SYAKHSYIYYAH (AS)
40,5200089,S-1 AHWAL AS SYAKHSYIYYAH
40,5140500,S-1 AHWAL SYAKHSHIYYAH
40,5102523,S-1 AHWALUS SYAKHSIYAH
40,5193323,S-1 AKHLAK TASAWUF
40,5200037,S-1 AKIDAH DAN FILSAFAT
40,5119080,S-1 AKIDAH DAN FILSAFAT ISLAM
40,7609118,S-1 AKTUARIA
40,5100319,S-1 AKUAKULTUR
40,5100170,S-1 AKUNTANSI
40,5101201,S-1 AKUNTANSI
40,5191102,S-1 AKUNTANSI ADMINISTRASI NEGARA
40,5100331,S-1 AKUNTANSI DAN MANAJEMEN
40,5100652,S-1 AKUNTANSI DAN PERBANKAN
40,5192736,S-1 AKUNTANSI EKONOMI
40,5192595,S-1 AKUNTANSI KEUANGAN
40,5101812,S-1 AKUNTANSI KEUANGAN PUBLIK
40,5193188,S-1 AKUNTANSI KOMPUTER
40,5200132,S-1 AKUNTANSI KONSENTRASI KEUANGAN DAERAH
40,5101371,S-1 AKUNTANSI MANAJEMEN
40,5100830,S-1 AKUNTANSI MANAJERIAL
40,5100078,S-1 AKUNTANSI PERPAJAKAN
40,5210007,S-1 AKUNTANSI SEKTOR PUBLIK
40,5100167,S-1 AKUNTANSI SYARIAH
40,5101337,S-1 AKUNTANSI TERAPAN
40,5102257,S-1 AKUTANSI
40,5100821,S-1 AL AHWAL AL-SYAKHSHIYAH
40,5102562,S-1 AL-AHWAL AL-SYAKHSHIYYAH
40,5193395,S-1 ANALIS KESEHATAN MASYARAKAT
40,5192685,S-1 ANALIS KIMIA
40,5193667,S-1 ANALIS TATA RUANG
40,5100481,S-1 ANGKUTAN SUNGAI DAN PENYEBERANGAN
40,5193463,S-1 ANIMASI
40,5100890,S-1 ANTROPOLOGI
40,5120600,S-1 ANTROPOLOGI
40,5103041,S-1 ANTROPOLOGI AGAMA
40,5120631,S-1 ANTROPOLOGI BUDAYA
40,5120632,S-1 ANTROPOLOGI SOSIAL
40,5107222,S-1 APOTEKER
40,5140212,S-1 AQIDAH DAN FILSAFAT
40,5106445,S-1 AQIDAH DAN FILSAFAT ISLAM
40,5101368,S-1 AQIDAH FILSAFAT
40,5193324,S-1 AQIDAH FILSAFAT ISLAM
40,5102462,S-1 ARGOTEKNOLOGI
40,5120613,S-1 ARKEOLOGI
40,5119157,S-1 ARSIP
40,5100139,S-1 ARSIPARIS
40,5193501,S-1 ARSITEK
40,5109751,S-1 ARSITEKTUR
40,5102463,S-1 ARSITEKTUR INTERIOR
40,5191378,S-1 ARSITEKTUR LANSEKAP
40,5193464,S-1 ARSITEKTUR LANSKAP
40,5190196,S-1 ARSITEKTUR PERTAMANAN
40,5107510,S-1 ASTRONOMI
40,5210008,S-1 ASURANSI SYARIAH
40,5100670,S-1 BAHASA
40,5210108,S-1 BAHASA ACEH
40,5120411,S-1 BAHASA ARAB
40,5120231,S-1 BAHASA BALI
40,5109954,S-1 BAHASA BATAK
40,5120532,S-1 BAHASA BELANDA
40,5210109,S-1 BAHASA BUGIS
40,5120321,S-1 BAHASA CINA
40,5101377,S-1 BAHASA DAERAH
40,5210110,S-1 BAHASA DAN KEBUDAYAAN ACEH
40,5102794,S-1 BAHASA DAN KEBUDAYAAN ARAB
40,5210194,S-1 BAHASA DAN KEBUDAYAAN BALI
40,5210195,S-1 BAHASA DAN KEBUDAYAAN BATAK
40,5210200,S-1 BAHASA DAN KEBUDAYAAN BELANDA
40,5210189,S-1 BAHASA DAN KEBUDAYAAN INDONESIA
40,5102795,S-1 BAHASA DAN KEBUDAYAAN INGGRIS
40,5210202,S-1 BAHASA DAN KEBUDAYAAN JAWA
40,5102738,S-1 BAHASA DAN KEBUDAYAAN JEPANG
40,5210203,S-1 BAHASA DAN KEBUDAYAAN JERMAN
40,5100858,S-1 BAHASA DAN KEBUDAYAAN KOREA
40,5210204,S-1 BAHASA DAN KEBUDAYAAN PERANCIS
40,5210205,S-1 BAHASA DAN KEBUDAYAAN RUSIA
40,5210206,S-1 BAHASA DAN KEBUDAYAAN SUNDA
40,5109950,S-1 BAHASA DAN SAINS
40,5100952,S-1 BAHASA DAN SASTRA
40,5192622,S-1 BAHASA DAN SASTRA ARAB
40,5120233,S-1 BAHASA DAN SASTRA BALI
40,5101380,S-1 BAHASA DAN SASTRA DAERAH
40,5110814,S-1 BAHASA DAN SASTRA INDONESIA
40,5192613,S-1 BAHASA DAN SASTRA INGGRIS
40,5120213,S-1 BAHASA DAN SASTRA JAWA
40,5120313,S-1 BAHASA DAN SASTRA JEPANG
40,5192620,S-1 BAHASA DAN SASTRA JERMAN
40,5120523,S-1 BAHASA DAN SASTRA PERANCIS
40,5120120,S-1 BAHASA DAN SENI
40,5101384,S-1 BAHASA DAN SENI BAHASA INGGRIS
40,5101388,S-1 BAHASA DAN SENI INDONESIA
40,5120112,S-1 BAHASA INDONESIA
40,5102923,S-1 BAHASA INDONESIA DAN DAERAH
40,5102924,S-1 BAHASA INDONESIA DAN SASTRA
40,5101391,S-1 BAHASA INDONESIA DAN SASTRA INDONESIA
40,5101359,S-1 BAHASA INDONESIA DAN SENI
40,5102158,S-1 BAHASA INGGRIS
40,5120512,S-1 BAHASA INGGRIS
40,5120211,S-1 BAHASA JAWA
40,5120311,S-1 BAHASA JEPANG
40,5120552,S-1 BAHASA JERMAN
40,5120331,S-1 BAHASA KOREA
40,5210111,S-1 BAHASA MAKASSAR
40,5191423,S-1 BAHASA MANDARIN
40,5102753,S-1 BAHASA MANDARIN DAN KEBUDAYAAN TIONGKOK
40,5120522,S-1 BAHASA PERANCIS
40,5120542,S-1 BAHASA RUSIA
40,5120221,S-1 BAHASA SUNDA
40,5210467,S-1 BIBLIKA
40,5101172,S-1 BIDAN PENDIDIK
40,5193528,S-1 BIDANG AKUNTANSI
40,5193291,S-1 BIDANG KESEHATAN
40,5119082,S-1 BIDANG MANAJEMEN
40,5193561,S-1 BIDANG MANAJEMEN TRANSPORTASI
40,5210592,S-1 BIDANG PENDIDIKAN
40,5193325,S-1 BIDANG PERTANIAN
40,5193554,S-1 BIDANG PETERNAKAN
40,5110937,S-1 BIMBINGAN DAN KONSELING
40,5100852,S-1 BIMBINGAN DAN KONSELING ISLAM
40,5109952,S-1 BIMBINGAN DAN KONSELING PENDIDIKAN ISLAM
40,5101394,S-1 BIMBINGAN DAN KONSELING SD
40,5110936,S-1 BIMBINGAN DAN PENYULUHAN
40,5101403,S-1 BIMBINGAN DAN PENYULUHAN AGAMA
40,5140220,S-1 BIMBINGAN DAN PENYULUHAN AGAMA ISLAM
40,5102107,S-1 BIMBINGAN DAN PENYULUHAN ISLAM
40,5200061,S-1 BIMBINGAN DAN PENYULUHAN ISLAM
40,5009033,S-1 BIMBINGAN KONSELING
40,5100012,S-1 BIMBINGAN KONSELING ISLAM
40,5210104,S-1 BIMBINGAN KONSELING KRISTEN
40,5191323,S-1 BIMBINGAN KONSELING SMP
40,5119083,S-1 BIMBINGAN PENYULUH AGAMA ISLAM
40,5119084,S-1 BIMBINGAN PENYULUH ISLAM
40,5191390,S-1 BIMBINGAN PENYULUHAN ISLAM
40,5210140,S-1 BIO KEWIRAUSAHAAN
40,5210141,S-1 BIOINFORMATIKA
40,5107221,S-1 BIOKIMIA
40,5210545,S-1 BIOKIMIA NUTRISI
40,5101774,S-1 BIOLOGI
40,5159000,S-1 BIOLOGI
40,5159012,S-1 BIOLOGI LINGKUNGAN
40,5193715,S-1 BIOLOGI MURNI
40,5106572,S-1 BIOLOGI PERIKANAN
40,5159061,S-1 BIOLOGI SAINS
40,5102770,S-1 BIOLOGI TERAPAN
40,5119085,S-1 BIOLOGI TUMBUHAN
40,5210207,S-1 BIOSAINS HEWAN
40,5191374,S-1 BIOTEKNOLOGI
40,5210010,S-1 BIOTEKNOLOGI DAN TEKNOLOGI PANGAN
40,5193190,S-1 BIOTEKNOLOGI PERTANIAN DAN PERKEBUNAN
40,5100129,S-1 BISNIS
40,5193327,S-1 BISNIS DAN MANAJEMEN
40,5102464,S-1 BISNIS DAN MANAJEMEN SYARIAH
40,5210012,S-1 BISNIS DIGITAL
40,5210208,S-1 BISNIS JASA
40,5100200,S-1 BISNIS MANAJEMEN
40,5210209,S-1 BISNIS MARITIM
40,5210210,S-1 BISNIS MUSIK
40,5191125,S-1 BROADCASTING
40,5193433,S-1 BUDAYA
40,5120612,S-1 BUDAYA ANTROPOLOGI
40,5106462,S-1 BUDI DAYA PETERNAKAN
40,5106351,S-1 BUDIDAYA HUTAN
40,5106511,S-1 BUDIDAYA PERAIRAN
40,5106512,S-1 BUDIDAYA PERIKANAN
40,5106230,S-1 BUDIDAYA PERKEBUNAN
40,5106141,S-1 BUDIDAYA PERTANIAN
40,5102586,S-1 BUDIDAYA PERTANIAN (AGRONOMI)
40,5193191,S-1 BUDIDAYA PERTANIAN DAN PERKEBUNAN
40,5210014,S-1 CYBER SECURITY
40,5190130,S-1 DAKWAH
40,5109949,S-1 DAKWAH BIMBINGAN PENYULUHAN ISLAM
40,5192789,S-1 DAKWAH DAN KOMUNIKASI
40,5210322,S-1 DAKWAH DAN KOMUNIKASI ISLAM
40,5140216,S-1 DAKWAH ISLAM
40,5192764,S-1 DEMOGRAFI
40,5191104,S-1 DESAIN
40,5210323,S-1 DESAIN DAN KOMUNIKASI VISUAL
40,5119030,S-1 DESAIN GRAFIS
40,5119036,S-1 DESAIN INTERIOR
40,5119031,S-1 DESAIN KOMUNIKASI VISUAL
40,5102739,S-1 DESAIN KOMUNIKASI VISUAL GRAFIKA MULTIMEDIA
40,5210324,S-1 DESAIN MEDIA
40,5102809,S-1 DESAIN MODE
40,5119035,S-1 DESAIN PRODUK
40,5191126,S-1 DESAIN PRODUK INDUSTRI
40,5119032,S-1 DESAIN TEKSTIL
40,5100357,S-1 DESIGN KOMUNIKASI VISUAL
40,5102465,S-1 DESTINASI PARIWISATA
40,5102598,S-1 DIRASAH ISLAMIYAH
40,5100072,S-1 DIRASAT ISLAMIYAH
40,5102224,S-1 DIV PENDIDIKAN LUAR SEKOLAH
40,5009002,S-1 DOKTER
40,5104201,S-1 DOKTER GIGI
40,5104394,S-1 DOKTER HEWAN
40,5104155,S-1 DOKTER UMUM
40,5193039,S-1 DOKUMENTASI DAN KEARSIPAN
40,5210016,S-1 EKOLOGI
40,9400028,S-1 EKOLOGI MANUSIA
40,5101100,S-1 EKONOMI
40,5101775,S-1 EKONOMI
40,5102664,"S-1 EKONOMI (UMUM, KOPERASI, AKUNTANSI)"
40,5101269,S-1 EKONOMI AKUNTANSI
40,5100536,S-1 EKONOMI AKUNTANSI + PROFESI AKUNTAN
40,5191383,S-1 EKONOMI AKUNTANSI DAN PERPAJAKAN
40,5193529,S-1 EKONOMI AKUNTANSI SEKTOR PUBLIK
40,5100060,S-1 EKONOMI AKUTANSI
40,5191187,S-1 EKONOMI BISNIS
40,5102344,S-1 EKONOMI DAN ADMINISTRASI
40,5101760,S-1 EKONOMI DAN AKUNTANSI
40,5101430,S-1 EKONOMI DAN BISNIS
40,5210211,S-1 EKONOMI DAN KEUANGAN ISLAM
40,5101416,S-1 EKONOMI DAN KOPERASI
40,5101417,S-1 EKONOMI DAN MANAJEMEN
40,5101111,S-1 EKONOMI DAN PEMBANGUNAN
40,5100062,S-1 EKONOMI DAN PERBANKAN ISLAM
40,5102394,S-1 EKONOMI DAN PERDAGANGAN INTERNASIONAL
40,5101116,S-1 EKONOMI DAN STUDI PEMBANGUNAN
40,5101118,S-1 EKONOMI INDUSTRI
40,5101113,S-1 EKONOMI INTERNASIONAL
40,5140319,S-1 EKONOMI ISLAM
40,5101126,S-1 EKONOMI KEBENDAHARAAN
40,5101222,S-1 EKONOMI KEUANGAN
40,5101122,S-1 EKONOMI KOPERASI
40,5101270,S-1 EKONOMI MANAJEMEN
40,5101300,S-1 EKONOMI MANAJEMEN
40,5101231,S-1 EKONOMI MANAJEMEN AKUNTANSI
40,5100539,S-1 EKONOMI MANAJEMEN BISNIS
40,5101232,S-1 EKONOMI MANAJEMEN KEUANGAN
40,5101312,S-1 EKONOMI MANAJEMEN PEMASARAN
40,5191128,S-1 EKONOMI MANAJEMEN PEMASARAN INTERNASIONAL
40,5101340,S-1 EKONOMI MANAJEMEN PERUSAHAAN
40,5191129,S-1 EKONOMI MANAJEMEN SDM
40,5210017,S-1 EKONOMI PANGAN DAN PERTANIAN
40,5190061,S-1 EKONOMI PEMBANGUNAN
40,5100961,S-1 EKONOMI PERBANKAN
40,5191130,S-1 EKONOMI PERBANKAN DAN KEUANGAN SYARIAH
40,5106593,S-1 EKONOMI PERIKANAN
40,5190047,S-1 EKONOMI PERKANTORAN
40,5101112,S-1 EKONOMI PERTANIAN
40,5102541,S-1 EKONOMI PERTANIAN DAN AGRIBISNIS
40,5100809,S-1 EKONOMI PERTANIAN DAN SUMBER DAYA
40,5101330,S-1 EKONOMI PERUSAHAAN
40,5101115,S-1 EKONOMI REGIONAL
40,9400225,S-1 EKONOMI SDM
40,5101114,S-1 EKONOMI SOSIAL
40,5101119,S-1 EKONOMI STUDI PEMBANGUN
40,5190098,S-1 EKONOMI STUDI PEMBANGUNAN
40,5101720,S-1 EKONOMI SUMBER DAYA
40,5100552,S-1 EKONOMI SUMBER DAYA DAN LINGKUNGAN
40,9400226,S-1 EKONOMI SUMBER DAYA LINGKUNGAN
40,5100265,S-1 EKONOMI SUMBER DAYA MANUSIA
40,5210560,S-1 EKONOMI SUMBERDAYA KELAUTAN
40,5191157,S-1 EKONOMI SYARIAH
40,5101151,S-1 EKONOMI TRANSPORTASI
40,5101117,S-1 EKONOMI UMUM
40,5102812,"S-1 EKONOMI, KEUANGAN, DAN PERBANKAN"
40,5101422,S-1 EKONOMIKA DAN BISNIS
40,5009036,S-1 ELEKTRO
40,5192574,S-1 ELEKTRONIKA
40,5190100,S-1 ELEKTRONIKA DAN INSTRUMENTASI
40,5193044,S-1 ENERGI
40,5100650,S-1 ENTOMOLOGI
40,5104849,S-1 EPIDEMIOLOGI
40,5191131,S-1 ETNOMUSIKOLOGI
40,5100289,S-1 FAKULTAS ILMU ADMINISTRASI
40,5102038,S-1 FAKULTAS KESEHATAN MASYARAKAT
40,5104400,S-1 FARMASI
40,5100512,S-1 FARMASI + PROFESI APOTEKER
40,5102467,S-1 FARMASI KLINIK DAN KOMUNITAS
40,5103120,S-1 FARMASI KLINIS
40,5210520,S-1 FARMASI KLINIS DAN KOMUNITAS
40,5102367,S-1 FILM
40,5102396,S-1 FILM DAN TELEVISI
40,5100725,S-1 FILOLOGI
40,5190204,S-1 FILOSOFI
40,5154000,S-1 FILSAFAT
40,5140116,S-1 FILSAFAT AGAMA
40,5101867,S-1 FILSAFAT AGAMA HINDU
40,5154038,S-1 FILSAFAT AGAMA KRISTEN
40,5102468,S-1 FILSAFAT HINDU
40,5140217,S-1 FILSAFAT ISLAM
40,5210212,S-1 FILSAFAT KEILAHIAN
40,5210471,S-1 FILSAFAT KRISTEN
40,5102470,S-1 FILSAFAT POLITIK ISLAM
40,5154010,S-1 FILSAFAT TIMUR
40,5140312,S-1 FIQIH
40,5101008,S-1 FISIKA
40,5107280,S-1 FISIKA
40,7609161,S-1 FISIKA (ELEKTRONIKA INSTRUMENTASI)
40,5100168,S-1 FISIKA (MIPA)
40,5100096,S-1 FISIKA MIPA
40,5100486,S-1 FISIKA MIPA (NON KEGURUAN)
40,5210021,S-1 FISIOLOGI
40,5104503,S-1 FISIOTERAPI
40,5193596,S-1 FISIOTERAPIS
40,5100134,S-1 FISIP
40,5119088,S-1 FISIP ADMINISTRASI NEGARA
40,5102265,S-1 FISIP PEMERINTAHAN
40,5191433,S-1 FISIPOL
40,5101010,S-1 FKIP
40,5102172,S-1 FKIP PENDIDIKAN BAHASA INGRRIS
40,5119027,S-1 FOTOGRAFI
40,5191038,S-1 FPMIPA
40,5100893,S-1 FPOK
40,5190076,S-1 GEODESI
40,5107230,S-1 GEOFISIKA
40,5109250,S-1 GEOFISIKA DAN METEOROLOGI
40,5160000,S-1 GEOGRAFI
40,5107250,S-1 GEOGRAFI (NON)
40,5100010,S-1 GEOGRAFI DAN ILMU LINGKUNGAN
40,5101432,S-1 GEOGRAFI KARTOGRAFI DAN PENGINDERAAN JAUH
40,5100736,S-1 GEOGRAFI LINGKUNGAN
40,5210561,S-1 GEOGRAFI LINGKUNGAN
40,5100517,S-1 GEOKIMIA
40,5190037,S-1 GEOLOGI
40,5102310,S-1 GEOLOGI PERTAMBANGAN
40,5100957,S-1 GEOLOGI TEKNIK
40,5100296,S-1 GEOMATIKA
40,5101761,S-1 GIZI
40,5104813,S-1 GIZI
40,5199998,S-1 GIZI DAN DIETETIKA
40,5210022,S-1 GIZI DAN KESEHATAN MASYARAKAT
40,5104505,S-1 GIZI KESEHATAN
40,5101433,S-1 GIZI KESEHATAN MASYARAKAT
40,5100069,S-1 GIZI MASYARAKAT
40,5101453,S-1 GURU KELAS SD
40,5102231,S-1 GURU PENJASKES
40,5101445,S-1 HADITS DAN ILMU HADITS
40,5009009,S-1 HADITS DAN STUDI ISLAM
40,5106166,S-1 HAMA DAN PENYAKIT TANAMAN
40,5192706,S-1 HAMA DAN PENYAKIT TUMBUHAN
40,5100453,S-1 HAMA PENYAKIT PERTANIAN
40,6202386,S-1 HAMA PENYAKIT TANAMAN
40,5100073,S-1 HAMA PENYAKIT TUMBUHAN
40,5106186,S-1 HORTIKULTURA
40,5101452,S-1 HUBUNGAN INDUSTRI
40,5190229,S-1 HUBUNGAN INTERNASIONAL
40,5192799,S-1 HUBUNGAN MASYARAKAT
40,5123000,S-1 HUKUM
40,5102536,S-1 HUKUM (BERGELAR S.H.)
40,5123810,S-1 HUKUM ACARA
40,5123110,S-1 HUKUM ADAT
40,5123340,S-1 HUKUM ADMINISTRASI
40,5123344,S-1 HUKUM ADMINISTRASI NEGARA
40,5101447,S-1 HUKUM AGAMA
40,5102759,S-1 HUKUM AGAMA HINDU
40,5123331,S-1 HUKUM AGRARIA
40,5210328,S-1 HUKUM AGRARIA DAN PERTANAHAN
40,5191292,S-1 HUKUM BISNIS
40,5210472,S-1 HUKUM BISNIS SYARIAH
40,5009039,S-1 HUKUM DAN TATA NEGARA
40,5123720,S-1 HUKUM EKONOMI
40,5100845,S-1 HUKUM EKONOMI SYARIAH
40,5200019,S-1 HUKUM EKONOMI SYARIAH (MU`AMALAH)
40,5101448,S-1 HUKUM HINDU
40,5123500,S-1 HUKUM INTERNASIONAL
40,5101890,S-1 HUKUM ISLAM
40,5102514,S-1 HUKUM KELUARGA
40,5210329,S-1 HUKUM KELUARGA (AHWAL SYAKHSHIYAH)
40,5106447,S-1 HUKUM KELUARGA (AHWAL SYAKHSHIYYAH)
40,5102297,S-1 HUKUM KELUARGA (AHWAL SYAKHSIYYAH)
40,5102518,S-1 HUKUM KELUARGA ISLAM
40,5102659,S-1 HUKUM KELUARGA ISLAM (AKHWAL SYAKSIYAH)
40,5123311,S-1 HUKUM KEPERDATAAN
40,5191094,S-1 HUKUM LINGKUNGAN
40,5100707,S-1 HUKUM PEMERINTAHAN
40,5123317,S-1 HUKUM PERDATA
40,5123120,S-1 HUKUM PERUNDANG-UNDANGAN
40,5123910,S-1 HUKUM PIDANA
40,5102473,S-1 HUKUM PIDANA DAN KETATANEGARAAN
40,5102474,S-1 HUKUM PIDANA ISLAM
40,5102653,S-1 HUKUM PIDANA ISLAM (JINAYAH)
40,5193398,S-1 HUKUM PUBLIK
40,5193334,S-1 HUKUM SUMBER DAYA ALAM
40,5191095,S-1 HUKUM SYARIAH
40,5123450,S-1 HUKUM TATA NEGARA
40,5102554,S-1 HUKUM TATA NEGARA (SIYASAH)
40,5200040,S-1 HUKUM TATA NEGARA ISLAM (SIYASAH)
40,5100545,S-1 HUKUM TATA NIAGA
40,5123420,S-1 HUKUM TATA PEMERINTAHAN
40,5210134,S-1 HUKUM TATANEGARA (SIYASAH SYARâ€™IYYAH)
40,5123150,S-1 HUKUM UMUM
40,5171001,S-1 HUMANIORA
40,5101762,S-1 ILMU ADMINISTARASI
40,5190038,S-1 ILMU ADMINISTRASI
40,5192818,S-1 ILMU ADMINISTRASI BISNIS
40,5100948,S-1 ILMU ADMINISTRASI DAN PEMERINTAHAN
40,5101868,S-1 ILMU ADMINISTRASI NEGARA
40,5126019,S-1 ILMU ADMINISTRASI NEGARA
40,5126015,S-1 ILMU ADMINISTRASI NIAGA
40,5200125,S-1 ILMU ADMINISTRASI NIAGA/BISNIS
40,5126017,S-1 ILMU ADMINISTRASI PUBLIK
40,5100219,S-1 ILMU AGAMA
40,5100591,S-1 ILMU AGAMA ISLAM
40,5193051,S-1 ILMU AKTUARIA
40,5100217,S-1 ILMU AKUNTANSI
40,5102475,S-1 ILMU AL QUR`AN DAN TAFSIR
40,5103005,S-1 ILMU AL-QURAN DAN HADITS
40,5191070,S-1 ILMU ALAM
40,5103004,S-1 ILMU ALQURAN
40,9400286,S-1 ILMU ANTROPOLOGI
40,5210196,S-1 ILMU ATAU SAINS AKTUARIA
40,5119090,S-1 ILMU ATAU SAINS KELAUTAN
40,9940610,S-1 ILMU ATAU SAINS KOMUNIKASI
40,5119091,S-1 ILMU ATAU SAINS PERIKANAN
40,5210214,S-1 ILMU ATMOSFER DAN KEPLANETAN
40,5100314,S-1 ILMU BAHASA
40,5100436,S-1 ILMU BIOLOGI
40,5210215,S-1 ILMU BIOMEDIS
40,5190181,S-1 ILMU BUDAYA
40,5100954,S-1 ILMU BUDAYA/SASTRA
40,5192798,S-1 ILMU DAN INDUSTRI PETERNAKAN
40,5101293,S-1 ILMU DAN TEKNOLOGI HAYATI
40,5100780,S-1 ILMU DAN TEKNOLOGI KELAUTAN
40,5190104,S-1 ILMU DAN TEKNOLOGI PANGAN
40,5101202,S-1 ILMU EKONOMI
40,5200096,S-1 ILMU EKONOMI
40,5100758,S-1 ILMU EKONOMI AKUNTANSI DAN PERBANKAN
40,5190135,S-1 ILMU EKONOMI DAN STUDI PEMBANGUNAN
40,5191158,S-1 ILMU EKONOMI ISLAM
40,5100162,S-1 ILMU EKONOMI MANAJEMEN
40,5193169,S-1 ILMU EKONOMI MANAJEMEN SDM
40,5101203,S-1 ILMU EKONOMI PEMBANGUNAN
40,5193709,S-1 ILMU EKONOMI PERTANIAN
40,5100155,S-1 ILMU EKONOMI STUDI PEMBANGUNAN
40,5101204,S-1 ILMU EKONOMI STUDI PEMBANGUNGAN
40,500942,S-1 ILMU EKONOMI SYARIAH
40,5102519,S-1 ILMU FALAK
40,5193589,S-1 ILMU FARMASI
40,5101052,S-1 ILMU FILSAFAT
40,5154037,S-1 ILMU FILSAFAT AGAMA HINDU
40,5200028,S-1 ILMU FILSAFAT HINDU
40,5100899,S-1 ILMU FILSAFAT KHUSUS AGAMA HINDU
40,5191409,S-1 ILMU FISIKA
40,5100205,S-1 ILMU GEOGRAFI
40,5104911,S-1 ILMU GIZI
40,5193336,S-1 ILMU HADIS
40,5102622,S-1 ILMU HADIST
40,5102628,S-1 ILMU HADITS
40,5210024,S-1 ILMU HAMA DAN PENYAKIT PERTANIAN
40,5100519,S-1 ILMU HAMA DAN PENYAKIT TANAMAN
40,5106168,S-1 ILMU HAMA DAN PENYAKIT TUMBUHAN
40,5210025,S-1 ILMU HEWANI
40,5180002,S-1 ILMU HUBUNGAN INTERNASIONAL
40,5180004,S-1 ILMU HUBUNGAN MASYARAKAT
40,5123130,S-1 ILMU HUKUM
40,5210337,S-1 ILMU HUKUM
40,5193055,S-1 ILMU HUKUM DAN PEMERINTAHAN
40,5100237,S-1 ILMU HUKUM DAN SOSIAL
40,5191132,S-1 ILMU HUKUM INTERNASIONAL
40,5100464,S-1 ILMU HUKUM PERDATA
40,5101980,S-1 ILMU HUKUM PIDANA
40,5100465,S-1 ILMU HUKUM TATA NEGARA
40,5193724,"S-1 ILMU HUKUM, ADMINISTRASI DAN PEMERINTAHAN"
40,5103072,S-1 ILMU INFORMASI
40,5180001,S-1 ILMU INFORMASI DAN PERPUSTAKAAN
40,5200099,S-1 ILMU INFORMASI PERPUSTAKAAN
40,5100259,S-1 ILMU INFORMATIKA
40,5192611,S-1 ILMU JURNALISTIK
40,5100377,S-1 ILMU KEARSIPAN
40,5193056,S-1 ILMU KEBIJAKAN PUBLIK
40,5009008,S-1 ILMU KEDOKTERAN
40,5210546,S-1 ILMU KEDOKTERAN HEWAN
40,5101927,S-1 ILMU KEHUTANAN
40,5105020,S-1 ILMU KELAUTAN
40,5100236,S-1 ILMU KELAUTAN DAN PERIKANAN
40,5101947,S-1 ILMU KELUARGA
40,5192668,S-1 ILMU KELUARGA DAN KONSUMEN
40,5100928,S-1 ILMU KEOLAHRAGAAN
40,5110973,S-1 ILMU KEOLAHRAGAAN
40,5193057,S-1 ILMU KEPARIWISATAAN
40,5109946,S-1 ILMU KEPENDIDIKAN
40,5100691,S-1 ILMU KEPENDIDIKAN AGAMA HINDU
40,5100584,S-1 ILMU KEPENDIDIKAN ANALISIS KESEHATAN
40,5100240,S-1 ILMU KEPENDIDIKAN BAHASA DAN SASTRA INDONESIA
40,5100521,S-1 ILMU KEPENDIDIKAN BAHASA DAN SASTRA JAWA
40,5100711,S-1 ILMU KEPENDIDIKAN BAHASA INDONESIA
40,5100348,S-1 ILMU KEPENDIDIKAN BAHASA INGGRIS
40,5101462,S-1 ILMU KEPENDIDIKAN DAN KEGURUAN
40,5100692,S-1 ILMU KEPENDIDIKAN EKONOMI
40,5100239,S-1 ILMU KEPENDIDIKAN MATEMATIKA
40,5100238,S-1 ILMU KEPENDIDIKAN SEKOLAH DASAR
40,5100730,S-1 ILMU KEPENDIDIKAN TEKNIK INFORMATIKA
40,5104501,S-1 ILMU KEPERAWATAN
40,5100366,S-1 ILMU KEPERAWATAN + NERS
40,7101504,S-1 ILMU KEPERPUSTAKAAN
40,5102477,S-1 ILMU KEPOLISIAN
40,5101186,S-1 ILMU KESEHATAN
40,5100747,S-1 ILMU KESEHATAN KERJA
40,5100483,S-1 ILMU KESEHATAN LINGKUNGAN
40,5100929,S-1 ILMU KESEHATAN MASYARAKAT
40,5131002,S-1 ILMU KESEHATAN MASYARAKAT
40,7609272,S-1 ILMU KESEHATAN MASYARAKAT (LINGKUNGAN)
40,5190020,S-1 ILMU KESEJAHTERAAN SOSIAL
40,5193058,S-1 ILMU KESENIAN
40,5191410,S-1 ILMU KIMIA
40,5101794,S-1 ILMU KOMPUTASI
40,5150001,S-1 ILMU KOMPUTER
40,5193059,S-1 ILMU KOMPUTER (DESIGN INTERFACE)
40,5193060,S-1 ILMU KOMPUTER (INFORMATIKA)
40,9940611,S-1 ILMU KOMPUTER ATAU INFORMATIKA
40,5102671,S-1 ILMU KOMPUTER DAN INFORMATIKA
40,5193061,S-1 ILMU KOMPUTER SISTEM INFORMASI
40,5153000,S-1 ILMU KOMUNIKASI
40,5192686,S-1 ILMU KOMUNIKASI (PUBLIC RELATION)
40,5100840,S-1 ILMU KOMUNIKASI BIDANG ILMU HUMAS
40,5200005,S-1 ILMU KOMUNIKASI BIDANG ILMU JURNALISTIK
40,5193062,S-1 ILMU KOMUNIKASI BISNIS
40,5119094,S-1 ILMU KOMUNIKASI BROADCASTING
40,5193618,S-1 ILMU KOMUNIKASI DAN HUMAS
40,9000000,S-1 ILMU KOMUNIKASI HINDU
40,5100447,S-1 ILMU KOMUNIKASI ISLAM
40,5210333,S-1 ILMU KOMUNIKASI JURNALISTIK
40,5193400,S-1 ILMU KOMUNIKASI VISUAL
40,5190183,S-1 ILMU KOMUNIKASI/HUBUNGAN MASYARAKAT
40,5100696,S-1 ILMU KURIKULUM
40,5100466,S-1 ILMU LALU LINTAS DAN ANGKUTAN JALAN
40,5100269,S-1 ILMU LINGKUNGAN
40,5193689,S-1 ILMU LINGKUNGAN HIDUP
40,5100221,S-1 ILMU MANAJEMEN
40,5101333,S-1 ILMU MANAJEMEN KEUANGAN
40,5100254,S-1 ILMU MANAJEMEN SDM
40,5100735,S-1 ILMU MANAJEMEN TRANSPORTASI DARAT
40,5193381,S-1 ILMU MANAJEMEN TRANSPORTASI LAUT
40,5193522,S-1 ILMU MATEMATIKA
40,7609117,S-1 ILMU MEDIA DAN KOMUNIKASI
40,5100592,S-1 ILMU METEREOLOGI
40,5100056,S-1 ILMU NUTRISI DAN MAKANAN TERNAK
40,5100156,S-1 ILMU OLAHRAGA
40,5210216,S-1 ILMU PANGAN
40,5119147,S-1 ILMU PEMBANGUNAN
40,5101036,S-1 ILMU PEMERINTAHAN
40,5144001,S-1 ILMU PEMERINTAHAN
40,5210338,S-1 ILMU PEMERINTAHAN
40,5100434,S-1 ILMU PEMERINTAHAN DAN ADMINISTRASI UMUM
40,5101465,S-1 ILMU PEMERINTAHAN DAN ILMU SOSIAL POLITIK
40,5193401,S-1 ILMU PEMERINTAHAN HUBUNGAN INTERNASIONAL
40,5110900,S-1 ILMU PENDIDIKAN
40,7103292,S-1 ILMU PENDIDIKAN AGAMA ISLAM
40,5210522,S-1 ILMU PENDIDIKAN BAHASA
40,6202387,S-1 ILMU PENDIDIKAN BIMBINGAN KONSELING
40,5100546,S-1 ILMU PENDIDIKAN BIMBINGAN PENYULUHAN/KONSELING
40,5100547,S-1 ILMU PENDIDIKAN OLAHRAGA KESEHATAN
40,5102190,S-1 ILMU PENDIDIKAN PANCASILA DAN KEWARGANEGARAAN
40,5101470,S-1 ILMU PENDIDIKAN SOSIAL
40,5192661,S-1 ILMU PENDIDIKAN TEOLOGI
40,5100660,S-1 ILMU PENERANGAN
40,5193174,S-1 ILMU PENGETAHUAN ALAM
40,5190197,S-1 ILMU PENGETAHUAN SOSIAL
40,5101471,S-1 ILMU PENGETAHUAN SOSIAL EKONOMI
40,5193063,S-1 ILMU PERENCANAAN WILAYAH DAN KOTA
40,5100378,S-1 ILMU PERHUBUNGAN
40,5191239,S-1 ILMU PERIKANAN
40,5193175,S-1 ILMU PERIKANAN DAN KELAUTAN
40,5180000,S-1 ILMU PERPUSTAKAAN
40,5190017,S-1 ILMU PERPUSTAKAAN DAN INFORMASI
40,5193692,S-1 ILMU PERPUSTAKAAN DAN INFORMASI ISLAM
40,5192573,S-1 ILMU PERTANIAN
40,5100694,S-1 ILMU PERTANIAN AGRONOMI
40,5100157,S-1 ILMU PETERNAKAN
40,5101041,S-1 ILMU POLITIK
40,5145082,S-1 ILMU POLITIK
40,5210480,S-1 ILMU POLITIK DAN ILMU SOSIAL
40,5100024,S-1 ILMU POLITIK DAN KEMASYARAKATAN
40,5193064,S-1 ILMU POLITIK DAN PEMERINTAHAN
40,5192560,S-1 ILMU POLITIK HUBUNGAN INTERNASIONAL
40,5210335,S-1 ILMU POLITIK PEMERINTAHAN
40,5119148,S-1 ILMU POLITIK SOSIAL
40,5100370,S-1 ILMU PSIKOLOGI
40,5120704,S-1 ILMU SEJARAH
40,5193065,S-1 ILMU SENI RUPA DAN DESAIN
40,5106160,S-1 ILMU SOSIAL
40,5190072,S-1 ILMU SOSIAL AGAMA HINDU
40,5101285,S-1 ILMU SOSIAL DAN HUMANIORA
40,5190182,S-1 ILMU SOSIAL DAN ILMU POLITIK
40,5119100,"S-1 ILMU SOSIAL DAN ILMU POLITIK, SOSIAL"
40,5101455,S-1 ILMU SOSIAL DAN POLITIK
40,5145013,S-1 ILMU SOSIAL POLITIK
40,5101764,S-1 ILMU SOSIAL S.SOS
40,5193487,S-1 ILMU SOSIAL/ILMU PEMERINTAHAN
40,5145004,S-1 ILMU SOSIATRI
40,5192598,S-1 ILMU SOSIOLOGI
40,5100199,S-1 ILMU STATISTIK
40,5193488,S-1 ILMU STATISTIKA
40,5102478,S-1 ILMU SYARIAH
40,5100649,S-1 ILMU SYARIAH ISLAM
40,5105030,S-1 ILMU TANAH
40,5102161,S-1 ILMU TARBIYAH
40,5193346,S-1 ILMU TASAWUF
40,5193347,S-1 ILMU TEKNIK
40,5100253,S-1 ILMU TEKNIK ELEKTRO
40,5192782,S-1 ILMU TEKNIK INDUSTRI
40,5100261,S-1 ILMU TEKNIK INFORMATIKA
40,5100782,S-1 ILMU TEKNIK KIMIA
40,5193349,S-1 ILMU TEKNIK PERENCANAAN WILAYAH DAN KOTA
40,5193066,S-1 ILMU TEKNIK SIPIL
40,5193639,S-1 ILMU TEKNOLOGI PANGAN
40,6202418,S-1 ILMU TEKNOLOGI PERTANIAN
40,5102479,S-1 ILMU TEOLOGI
40,5100220,S-1 ILMU THEOLOGI
40,5100327,S-1 ILMU TRANSPORTASI DARAT
40,5200010,S-1 ILMUAL`QURAN DAN TAFSIR (IQT)
40,5100135,S-1 INDUSTRI
40,5102481,S-1 INDUSTRI PERJALANAN WISATA
40,5100373,S-1 INDUSTRI PETERNAKAN
40,7609268,S-1 INFORMASI
40,5101474,S-1 INFORMASI DAN KOMPUTER
40,5193350,S-1 INFORMASI TEKNOLOGI
40,5191141,S-1 INFORMATIKA
40,5192628,S-1 INFORMATIKA DAN JARINGAN KOMPUTER
40,5100132,S-1 INFORMATIKA DAN KOMPUTER
40,5102563,S-1 INFORMATIKA DAN KOMUNIKASI
40,5191381,S-1 INFORMATIKA KESEHATAN
40,5210217,S-1 INFORMATIKA MEDIS
40,5210339,S-1 INOVASI DIGITAL
40,5100116,S-1 IPA
40,5101042,S-1 IPS
40,5101488,S-1 IPS EKONOMI AKUNTANSI
40,5191015,S-1 IPS PPKN
40,5192687,S-1 JARINGAN
40,5191154,S-1 JARINGAN KOMPUTER
40,6202388,S-1 JASMANI KESEHATAN DAN REKREASI
40,5100417,S-1 JASMANI OLAHRAGA DAN KESEHATAN
40,5190044,S-1 JINAYAH SIYASAH
40,5153001,S-1 JURNALISTIK
40,5119149,S-1 JURNALISTIK ISLAM
40,5199990,S-1 JURNALISTIK KONSENTRASI KOMUNIKASI JURNALISTIK
40,5192710,S-1 JURNALISTIK PUBLIC RELATION
40,5210218,S-1 KAJIAN ACEH
40,5210219,S-1 KAJIAN ARAB
40,5210220,S-1 KAJIAN BATAK
40,5210221,S-1 KAJIAN BELANDA
40,5193069,S-1 KAJIAN BUDAYA
40,5210222,S-1 KAJIAN BUGIS
40,5102932,"S-1 KAJIAN FILM, TELEVISI, DAN MEDIA"
40,5210223,S-1 KAJIAN INDONESIA
40,5210224,S-1 KAJIAN INGGRIS
40,5210225,S-1 KAJIAN JAWA
40,5210226,S-1 KAJIAN JEPANG
40,5210227,S-1 KAJIAN JERMAN
40,5193072,S-1 KAJIAN KEBIJAKAN
40,5210228,S-1 KAJIAN KOREA
40,5210229,S-1 KAJIAN MINANGKABAU
40,5210230,S-1 KAJIAN PERANCIS
40,5102934,S-1 KAJIAN SASTRA DAN BUDAYA
40,5210231,S-1 KAJIAN SLAVIA
40,5210232,S-1 KAJIAN SUNDA
40,5210233,S-1 KAJIAN TIONGKOK
40,5193077,S-1 KAJIAN WILAYAH ASIA
40,5210031,S-1 KAJIAN WILAYAH EROPA
40,5193078,S-1 KAJIAN WILAYAH TIMUR TENGAH
40,5119051,S-1 KARAWITAN
40,5192804,S-1 KARTOGRAFI DAN PENGINDERAAN JAUH
40,5193506,S-1 KATEKESE
40,5190000,S-1 KATEKETIK
40,6202424,S-1 KATEKETIK DAN PASTORAL
40,5210032,S-1 KEAMANAN DAN INTELIJEN SIBER
40,5210340,S-1 KEAMANAN PANGAN
40,5210568,S-1 KEAMANAN SISTEM INFORMASI
40,5180005,S-1 KEARSIPAN
40,5210033,S-1 KEARSIPAN DIGITAL
40,5104700,S-1 KEBIDANAN
40,5102941,S-1 KEBIDANAN TERAPAN
40,5100562,S-1 KEBIJAKAN KESEHATAN
40,5210341,S-1 KEBIJAKAN PANGAN
40,5100048,S-1 KEBIJAKAN PEMERINTAHAN
40,5102576,S-1 KEBIJAKAN PENDIDIKAN
40,5100104,S-1 KEBIJAKAN PUBLIK
40,9400025,S-1 KECERDASAN BUATAN
40,5101043,S-1 KEDOKTERAN
40,5104152,S-1 KEDOKTERAN DASAR
40,5104153,S-1 KEDOKTERAN DASAR UMUM
40,5104200,S-1 KEDOKTERAN GIGI
40,5101289,S-1 KEDOKTERAN HEWAN
40,5210235,S-1 KEDOKTERAN KERJA
40,5104110,S-1 KEDOKTERAN UMUM
40,5100759,S-1 KEFARMASIAN
40,5101218,S-1 KEGURUAN
40,5101286,S-1 KEGURUAN DAN ILMU PENDIDIKAN
40,5103028,"S-1 KEGURUAN DAN ILMU PENDIDIKAN, ILMU PENGETAHUAN SOSIAL"
40,5192688,S-1 KEHUMASAN
40,5101302,S-1 KEHUTANAN
40,5106300,S-1 KEHUTANAN
40,5100497,S-1 KEHUTANAN (MANAJEMEN KEHUTANAN)
40,5106343,S-1 KEHUTANAN SILVIKULTUR
40,5101303,S-1 KEHUTANAN TEKNOLOGI HASIL HUTAN
40,5101304,"S-1 KEHUTANAN, KONSERVASI SUMBER DAYA HUTAN"
40,5101305,S-1 KELAUTAN
40,5101514,S-1 KELAUTAN PERIKANAN
40,5100904,S-1 KEOLAHRAGAAN
40,5102654,S-1 KEPANDITAAN BUDDHA
40,5192794,S-1 KEPARIWISATAAN
40,5192814,S-1 KEPELATIHAN OLAHRAGA
40,5102762,S-1 KEPEMIMPINAN KRISTEN
40,5210482,S-1 KEPENDETAAN KRISTEN
40,5101307,S-1 KEPENDIDIKAN
40,5100354,S-1 KEPENDIDIKAN BAHASA INGGRIS
40,5100422,S-1 KEPENDIDIKAN BAHASA PRANCIS
40,5100305,S-1 KEPENDIDIKAN BIOLOGI
40,5100311,S-1 KEPENDIDIKAN EKONOMI
40,5190042,S-1 KEPENDIDIKAN ISLAM
40,5100838,S-1 KEPENDIDIKAN ISLAM KONSENTRASI BIMBINGAN KONSELING
40,5100368,S-1 KEPENDIDIKAN MATEMATIKA
40,5100310,S-1 KEPENDIDIKAN SEJARAH
40,5100418,S-1 KEPENDIDIKAN SEKOLAH DASAR
40,5100395,S-1 KEPENDIDIKAN SENI RUPA (LUKIS)
40,5100396,S-1 KEPENDIDIKAN TEKNIK ARSITEKTUR
40,5100426,S-1 KEPENDIDIKAN TEKNIK BANGUNAN
40,5100421,S-1 KEPENDIDIKAN TEKNIK INFORMATIKA
40,5107900,S-1 KEPENDUDUKAN
40,5131030,S-1 KEPENDUDUKAN DAN STATISTIK
40,5107911,S-1 KEPENDUDUKAN UMUM
40,5104500,S-1 KEPERAWATAN
40,5190120,S-1 KEPERAWATAN + NERS
40,5193440,S-1 KEPERAWATAN + PROFESI NERS
40,5102728,S-1 KEPERAWATAN TERAPAN
40,5100451,S-1 KEPERPUSTAKAAN
40,5106170,S-1 KEPUSTAKAAN
40,5104800,S-1 KESEHATAN
40,5101502,S-1 KESEHATAN AYURWEDA
40,5193590,S-1 KESEHATAN DAN KESELAMATAN KERJA
40,5193645,S-1 KESEHATAN DAN REKREASI
40,5193351,S-1 KESEHATAN KERJA
40,5104820,S-1 KESEHATAN LINGKUNGAN
40,5100752,S-1 KESEHATAN LINGKUNGAN DAN KESEHATAN KERJA
40,5101273,S-1 KESEHATAN MASYARAKAT
40,5131001,S-1 KESEHATAN MASYARAKAT
40,5100503,S-1 KESEHATAN MASYARAKAT (ADMINISTRASI KEBIJAKAN KESEHATAN)
40,5100772,S-1 KESEHATAN MASYARAKAT (BIOSTATISTIK DAN KEPENDUDUKAN)
40,5100504,S-1 KESEHATAN MASYARAKAT (EPIDEMIOLOG)
40,5100508,S-1 KESEHATAN MASYARAKAT (ILMU GIZI)
40,7609244,S-1 KESEHATAN MASYARAKAT (KESEHATAN KERJA)
40,5100774,S-1 KESEHATAN MASYARAKAT (KESEHATAN LINGKUNGAN)
40,5210348,S-1 KESEHATAN MASYARAKAT (MINAT PROMOSI KESEHATAN)
40,5100520,S-1 KESEHATAN MASYARAKAT (PROMOSI KESEHATAN)
40,5100859,S-1 KESEHATAN MASYARAKAT ADMINISTRASI DAN KEBIJAKAN KESEHATAN
40,5100408,S-1 KESEHATAN MASYARAKAT BIDANG ADMINISTRATOR KESEHATAN
40,5193534,S-1 KESEHATAN MASYARAKAT JURUSAN EPIDEMIOLOGI
40,5100763,S-1 KESEHATAN MASYARAKAT MINAT KESEHATAN LINGKUNGAN
40,5193383,S-1 KESEHATAN MASYARAKAT PEMINATAN PROMKES
40,5104812,S-1 KESEHATAN REPRODUKSI
40,5210547,S-1 KESEJAHTERAAN LINGKUNGAN
40,5210034,S-1 KESEJAHTERAAN MASYARAKAT
40,5101309,S-1 KESEJAHTERAAN SOSIAL
40,5146001,S-1 KESEJAHTERAAN SOSIAL UMUM
40,5190050,S-1 KESEKRETARIATAN
40,5100635,S-1 KESELAMATAN DAN KESEHATAN KERJA
40,5192619,S-1 KESENIAN
40,5010145,S-1 KETAHANAN NASIONAL
40,5210035,S-1 KETAHANAN PANGAN
40,5100577,S-1 KETEKNIKAN PERTANIAN
40,5157000,S-1 KEUANGAN
40,5157020,S-1 KEUANGAN AKUNTANSI
40,5101287,S-1 KEUANGAN DAN PERBANKAN
40,5102947,S-1 KEUANGAN DAN PERBANKAN SYARIAH
40,5100956,S-1 KEUANGAN ISLAM
40,5102482,S-1 KEUANGAN SYARIAH
40,5101350,S-1 KEWIRAUSAHAAN
40,5107211,S-1 KIMIA
40,5101509,S-1 KIMIA FMIPA
40,5190136,S-1 KIMIA LINGKUNGAN
40,5107214,S-1 KIMIA MURNI
40,5191353,S-1 KIMIA TEKSTIL
40,5102948,S-1 KIMIA TERAPAN
40,5100478,S-1 KLIMATOLOGI
40,5193407,S-1 KOMPUTASI STATISTIKA
40,5150000,S-1 KOMPUTER
40,5150060,S-1 KOMPUTER AKUNTANSI
40,5150010,S-1 KOMPUTER APLIKASI
40,5191068,S-1 KOMPUTER DAN SISTEM INFORMATIKA
40,5193087,S-1 KOMPUTER DESAIN GRAFIS
40,5150020,S-1 KOMPUTER INFORMATIKA
40,5100097,S-1 KOMPUTER JURUSAN SISTEM INFORMASI
40,5100454,S-1 KOMPUTER MULTIMEDIA
40,5150030,S-1 KOMPUTER PROGRAMMER
40,5100770,S-1 KOMPUTER SISTEM INFORMASI
40,5150022,S-1 KOMPUTER SISTEM INFORMATIKA
40,5150050,S-1 KOMPUTER TEKNIK ELEKTRO
40,5150041,S-1 KOMPUTER TEKNIK INFORMATIKA
40,5192606,S-1 KOMPUTER TEKNIK MEDIA DIGITAL
40,5190066,S-1 KOMPUTERISASI AKUNTANSI
40,5101272,S-1 KOMUNIKASI
40,5193646,S-1 KOMUNIKASI BISNIS
40,5100094,S-1 KOMUNIKASI DAN HUMAS
40,5100826,S-1 KOMUNIKASI DAN PENGEMBANGAN MASYARAKAT
40,5102950,S-1 KOMUNIKASI DAN PENYIARAN
40,5102483,S-1 KOMUNIKASI DAN PENYIARAN AGAMA ISLAM
40,5140322,S-1 KOMUNIKASI DAN PENYIARAN ISLAM
40,5100993,S-1 KOMUNIKASI DAN PENYULUHAN PERTANIAN
40,5103157,S-1 KOMUNIKASI HUBUNGAN MASYARAKAT
40,5153070,S-1 KOMUNIKASI ILMU PERPUSTAKAAN
40,5191391,S-1 KOMUNIKASI ISLAM
40,5153010,S-1 KOMUNIKASI JURNALISTIK
40,5153050,S-1 KOMUNIKASI KESEHATAN MASYARAKAT
40,5153041,S-1 KOMUNIKASI MASSA
40,5103135,S-1 KOMUNIKASI PEMBANGUNAN
40,5101511,S-1 KOMUNIKASI PEMBANGUNAN PERTANIAN
40,5191389,S-1 KOMUNIKASI PENYIARAN ISLAM
40,5191133,S-1 KOMUNIKASI PERIKLANAN
40,5100379,S-1 KONSELING
40,5210036,S-1 KONSERVASI BIOLOGI
40,5210238,S-1 KONSERVASI HUTAN
40,5210239,S-1 KONSERVASI SENI
40,5210037,S-1 KONSERVASI SUMBER DAYA ALAM
40,5191207,S-1 KONSERVASI SUMBER DAYA HUTAN
40,5100757,S-1 KONSERVASI SUMBER DAYA HUTAN DAN EKOWISATA
40,5101512,S-1 KONSERVASI SUMBER DAYA HUTAN DAN EKOWISATA
40,5119108,S-1 KONSTRUKSI BANGUNAN
40,5192786,S-1 KRIMINOLOGI
40,5100847,S-1 KRIYA
40,5191087,S-1 KRIYA SENI
40,5100432,S-1 KRIYA TEKSTIL DAN MODE
40,5102954,S-1 KULINER
40,5193089,S-1 KURIKULUM
40,5110943,S-1 KURIKULUM DAN TEKNOLOGI PENDIDIKAN
40,5193507,S-1 LANDSCAPE
40,5190122,S-1 LINGKUNGAN
40,5100222,S-1 LINGKUNGAN HIDUP
40,5100953,S-1 LINGUISTIK
40,5210485,S-1 LINGUISTIK DAN BAHASA ALKITAB
40,5210112,S-1 LINGUISTIK INDONESIA
40,5210190,S-1 LINGUISTIK TERAPAN BAHASA INGGRIS
40,5191361,S-1 LISTRIK ELEKTRO
40,5210241,S-1 LOGIKA
40,5102955,S-1 LOGISTIK
40,5100147,S-1 MANAGEMEN INFORMATIKA
40,5193489,S-1 MANAGEMENT
40,5210038,S-1 MANAJAMEN
40,5193092,S-1 MANAJAMEN KEBIJAKAN PUBLIK
40,5102286,S-1 MANAJEMEN
40,5100123,S-1 MANAJEMEN (KONSENTRASI: SDM DAN ORGANISASI)
40,5193211,S-1 MANAJEMEN ADMINISTRASI
40,5102918,S-1 MANAJEMEN ADMINISTRASI PERKANTORAN
40,5100813,S-1 MANAJEMEN AGRIBISNIS
40,5100601,S-1 MANAJEMEN AGRIBISNIS PERTANIAN
40,5210349,S-1 MANAJEMEN AGROBISNIS
40,5200123,S-1 MANAJEMEN AGROINDUSTRI
40,5193093,S-1 MANAJEMEN AKUNTANSI
40,5101532,S-1 MANAJEMEN AKUNTANSI PEMERINTAHAN
40,5193094,S-1 MANAJEMEN ASET
40,5210550,S-1 MANAJEMEN ATAU PENGELOLAAN SUMBER DAYA LAHAN
40,5119110,S-1 MANAJEMEN ATAU PENGELOLAAN SUMBER DAYA PERAIRAN
40,5102607,S-1 MANAJEMEN BENCANA
40,5101317,S-1 MANAJEMEN BISNIS
40,5192817,S-1 MANAJEMEN BISNIS DAN EKONOMI PERIKANAN KELAUTAN
40,5193095,S-1 MANAJEMEN BISNIS INTERNASIONAL
40,5100452,S-1 MANAJEMEN BISNIS ISLAM
40,5190060,S-1 MANAJEMEN BISNIS PARIWISATA
40,5102751,S-1 MANAJEMEN BISNIS SYARIAH
40,5190208,S-1 MANAJEMEN BISNIS TELEKOMUNIKASI DAN INFORMATIKA
40,5210350,S-1 MANAJEMEN BISNIS TELEKOMUNIKASI INFORMATIKA
40,5150025,S-1 MANAJEMEN DAKWAH
40,5109943,S-1 MANAJEMEN DAKWAH ISLAM
40,5119111,S-1 MANAJEMEN DAN BISNIS
40,5210351,S-1 MANAJEMEN DAN KEBIJAKAN PUBLIK
40,5200112,S-1 MANAJEMEN DAN SUPERVISI PENDIDIKAN ISLAM
40,5191397,S-1 MANAJEMEN EKONOMI
40,5101540,S-1 MANAJEMEN EKONOMI KEUANGAN
40,5101326,S-1 MANAJEMEN EKONOMI PUBLIK
40,5102606,S-1 MANAJEMEN ENERGI
40,5210488,S-1 MANAJEMEN GEREJA
40,5106310,S-1 MANAJEMEN HUTAN
40,5190067,S-1 MANAJEMEN INDUSTRI
40,5191238,S-1 MANAJEMEN INFORMASI
40,5193097,S-1 MANAJEMEN INFORMASI DAN KOMUNIKASI
40,5101505,S-1 MANAJEMEN INFORMASI KESEHATAN
40,5102960,S-1 MANAJEMEN INFORMASI KOMUNIKASI
40,5150023,S-1 MANAJEMEN INFORMATIKA
40,5192599,S-1 MANAJEMEN INFORMATIKA DAN KOMPUTER
40,5192600,S-1 MANAJEMEN INFORMATIKA DAN TEKNIK KOMPUTER
40,5101128,S-1 MANAJEMEN INFORMATIKA KOMPUTER
40,5101325,S-1 MANAJEMEN KEARSIPAN
40,5101323,S-1 MANAJEMEN KEBIJAKAN PUBLIK
40,5210359,S-1 MANAJEMEN KEBIJAKAN PUBLIK
40,5191380,S-1 MANAJEMEN KEHUTANAN
40,5191289,S-1 MANAJEMEN KEPARIWISATAAN
40,5193467,S-1 MANAJEMEN KEPEGAWAIAN
40,5210155,S-1 MANAJEMEN KEPELABUHAN DAN PELAYARAN
40,5104841,S-1 MANAJEMEN KESEHATAN
40,5210041,S-1 MANAJEMEN KESEKRETARIATAN
40,5111111,S-1 MANAJEMEN KEUANGAN
40,5192741,S-1 MANAJEMEN KEUANGAN DAN PERBANKAN
40,5100160,S-1 MANAJEMEN KEUANGAN PERBANKAN
40,5102484,S-1 MANAJEMEN KEUANGAN SYARIAH
40,5192646,S-1 MANAJEMEN KOMPUTER
40,5101328,S-1 MANAJEMEN KOMUNIKASI
40,5210569,S-1 MANAJEMEN KOMUNIKASI DAN MEDIA
40,5100580,S-1 MANAJEMEN KOPERASI
40,5191079,S-1 MANAJEMEN LOGISTIK
40,5103134,S-1 MANAJEMEN MEDIA DAN KOMUNIKASI
40,5210353,S-1 MANAJEMEN MUTU PANGAN
40,5210242,S-1 MANAJEMEN OLAHRAGA
40,5101561,S-1 MANAJEMEN OPERASIONAL
40,5102962,S-1 MANAJEMEN PAJAK
40,5101314,S-1 MANAJEMEN PARIWISATA
40,5101268,S-1 MANAJEMEN PARIWISATA INTERNASIONAL
40,5192650,S-1 MANAJEMEN PELAYANAN RUMAH SAKIT
40,5100071,S-1 MANAJEMEN PEMASARAN
40,7102007,S-1 MANAJEMEN PEMASARAN INTERNASIONAL
40,5150024,S-1 MANAJEMEN PEMASARAN PARIWISATA
40,5190040,S-1 MANAJEMEN PEMBANGUNAN
40,5101324,S-1 MANAJEMEN PEMBANGUNAN DAERAH
40,5109942,S-1 MANAJEMEN PEMBELAJARAN AGAMA ISLAM
40,5210360,S-1 MANAJEMEN PEMERINTAHAN
40,5102602,S-1 MANAJEMEN PEMINATAN/KONSENTRASI KEUANGAN
40,5100946,S-1 MANAJEMEN PENDIDIKAN
40,5110671,S-1 MANAJEMEN PENDIDIKAN
40,5119112,S-1 MANAJEMEN PENDIDIKAN AGAMA ISLAM
40,5200129,S-1 MANAJEMEN PENDIDIKAN BIMBINGAN KONSELING
40,5110672,S-1 MANAJEMEN PENDIDIKAN ISLAM
40,5102662,S-1 MANAJEMEN PENDIDIKAN KRISTEN
40,5191053,S-1 MANAJEMEN PERBANKAN
40,5100655,S-1 MANAJEMEN PERBANKAN SYARIAH
40,5150026,S-1 MANAJEMEN PERBENDAHARAAN
40,5109920,S-1 MANAJEMEN PERHOTELAN
40,5192697,S-1 MANAJEMEN PERKANTORAN
40,5191000,S-1 MANAJEMEN PERPAJAKAN
40,6202347,S-1 MANAJEMEN PERSONALIA
40,5210355,S-1 MANAJEMEN PERTANIAN
40,5101318,S-1 MANAJEMEN PERUSAHAAN
40,5210356,S-1 MANAJEMEN PRODUKSI PERKEBUNAN
40,5199994,S-1 MANAJEMEN PUBLIK
40,5103140,S-1 MANAJEMEN REKAYASA
40,5102485,S-1 MANAJEMEN REKAYASA INDUSTRI
40,5102965,S-1 MANAJEMEN REKAYASA KONSTRUKSI
40,5100842,S-1 MANAJEMEN RESORT DAN LEISURE
40,5104840,S-1 MANAJEMEN RUMAH SAKIT
40,5101316,S-1 MANAJEMEN SDM
40,5193102,S-1 MANAJEMEN SISTEM INFORMASI
40,5210358,S-1 MANAJEMEN SUMBER DAYA AIR
40,5102742,S-1 MANAJEMEN SUMBER DAYA ALAM
40,5100832,S-1 MANAJEMEN SUMBER DAYA LAHAN
40,5190004,S-1 MANAJEMEN SUMBER DAYA MANUSIA
40,5210570,S-1 MANAJEMEN SUMBER DAYA MANUSIA APARATUR
40,5101329,S-1 MANAJEMEN SUMBER DAYA PERAIRAN
40,5191086,S-1 MANAJEMEN SUMBER DAYA PERAIRAN
40,5106544,S-1 MANAJEMEN SUMBER DAYA PERIKANAN
40,5102750,S-1 MANAJEMEN SYARIAH
40,5100471,S-1 MANAJEMEN TEKNIK INDUSTRI
40,5101837,S-1 MANAJEMEN TEKNIK INFORMATIKA
40,5102382,S-1 MANAJEMEN TEKNIK KOMPUTER
40,5210243,S-1 MANAJEMEN TEKNOLOGI
40,6104053,S-1 MANAJEMEN TRANSPOR
40,5100841,S-1 MANAJEMEN TRANSPOR LAUT
40,5101320,S-1 MANAJEMEN TRANSPORTASI
40,5101310,S-1 MANAJEMEN TRANSPORTASI DARAT
40,5190206,S-1 MANAJEMEN TRANSPORTASI UDARA
40,5101546,S-1 MANAJEMEN UMUM
40,9400093,S-1 MANAJEMEN ZAKAT DAN WAKAF
40,5101050,S-1 MATEMATIKA
40,5102400,S-1 MATEMATIKA DAN ILMU ALAM
40,5101536,S-1 MATEMATIKA DAN ILMU PENGETAHUAN ALAM
40,5193408,S-1 MATEMATIKA IPA
40,5100124,S-1 MATEMATIKA KOMPUTER
40,5100485,S-1 MATEMATIKA MIPA
40,5102303,S-1 MATEMATIKA STATISTIKA
40,5193105,S-1 MATEMATIKA TERAPAN
40,8400524,S-1 MA`HAD ALY
40,5106121,S-1 MEKANISASI PERTANIAN
40,5100136,S-1 MESIN
40,5210525,S-1 MESIN OTOMOTIF
40,5190083,S-1 METEOROLOGI
40,5107241,S-1 METEOROLOGI TERAPAN
40,5100590,S-1 METEREOLOGI DAN GEOFISIKA
40,5193110,S-1 METROLOGI
40,7609179,S-1 METROLOGI DAN INSTRUMENTASI
40,5100019,S-1 MIKROBIOLOGI
40,5193640,S-1 MIKROBIOLOGI PANGAN
40,5191379,S-1 MIKROBIOLOGI PERTANIAN
40,5107100,S-1 MIPA
40,5107260,S-1 MIPA BIOLOGI
40,5107110,S-1 MIPA FISIKA
40,5101553,S-1 MIPA GEOGRAFI
40,5107200,S-1 MIPA KIMIA
40,5107271,S-1 MIPA KOMPUTER DAN SISTEM INFORMATIKA
40,5190006,S-1 MIPA MATEMATIKA
40,5107272,S-1 MIPA MATEMATIKA SUB PROGRAM ILMU KOMPUTER
40,5101554,S-1 MIPA PENDIDIKAN BIOLOGI
40,5101766,S-1 MIPA-BIOLOGI
40,5210493,S-1 MISI DAN KOMUNIKASI KRISTEN
40,5102692,S-1 MISIOLOGI
40,5192763,S-1 MUAMALAH
40,5101360,S-1 MUAMALAT
40,5200015,S-1 MUAMALAT-EKONOMI PERBANKAN ISLAM
40,5100713,S-1 MUATAN LOKAL
40,5191135,S-1 MULTIMEDIA
40,5100524,S-1 MULTIMEDIA DAN JARINGAN
40,5101353,S-1 MUSIK
40,5101035,S-1 MUSIK GEREJA
40,5104506,S-1 NERS
40,5193568,S-1 NOTARIAT
40,5191185,S-1 NUTRISI DAN MAKANAN TERNAK
40,5100553,S-1 NUTRISI DAN PAKAN TERNAK
40,5210044,S-1 NUTRISI DAN TEKNOLOGI PAKAN TERNAK
40,5106431,S-1 NUTRISI MAKANAN TERNAK
40,5193213,S-1 NUTRISI PAKAN TERNAK
40,5193641,S-1 NUTRISI PANGAN
40,5191286,S-1 NUTRISI TERNAK
40,5190084,S-1 OCEANOGRAFI
40,5100467,S-1 OLAH RAGA
40,5110972,S-1 OLAHRAGA
40,5100142,S-1 OLAHRAGA KESEHATAN
40,5109251,S-1 OSEANOGRAFI
40,5109731,S-1 OTOMOTIF
40,5101220,S-1 PAI
40,5193385,S-1 PAKAN TERNAK
40,5193669,S-1 PANCASILA
40,5193115,S-1 PANGAN
40,5102752,S-1 PANGAN DAN NUTRISI
40,5109900,S-1 PARIWISATA
40,9940566,S-1 PARIWISATA BUDAYA DAN KEAGAMAAN
40,5210494,S-1 PARIWISATA BUDAYA DAN KEAGAMAAN KRISTEN
40,5210045,S-1 PARIWISATA DAN KEAGAMAAN
40,5192630,S-1 PARIWISATA DAN PERHOTELAN
40,5192711,S-1 PASTORAL
40,5102487,S-1 PASTORAL KONSELING
40,5210463,S-1 PASTORAL SOSIAL
40,5199997,S-1 PATOLOGI
40,5100089,S-1 PAUD
40,7609245,S-1 PAUD/PGTK
40,5101565,S-1 PBA
40,5101567,S-1 PDU AKUNTANSI
40,6202393,S-1 PDU/ADMINISTRASI PERKANTORAN
40,5200121,S-1 PEKERJA SOSIAL
40,5192811,S-1 PEKERJAAN SOSIAL
40,5102695,S-1 PELAYANAN PASTORAL
40,4100474,S-1 PELAYARAN
40,5101580,S-1 PEMANFAATAN SUMBER DAYA PERAIRAN
40,5100751,S-1 PEMANFAATAN SUMBER DAYA PERIKANAN
40,5210361,S-1 PEMANFATAAN SUMBERDAYA PERAIRAN
40,5102345,S-1 PEMASARAN
40,5100704,S-1 PEMBANGUNAN
40,5193354,S-1 PEMBANGUNAN EKONOMI KEWILAYAHAN
40,5102357,S-1 PEMBANGUNAN SOSIAL
40,5102489,S-1 PEMBANGUNAN SOSIAL DAN KESEJAHTERAAN
40,5192783,S-1 PEMBANGUNAN WILAYAH
40,5193537,S-1 PEMBANGUNAN WILAYAH DAN KOTA
40,5100476,S-1 PEMBERDAYAAN MASYARAKAT
40,5101438,S-1 PEMERINTAHAN
40,5101001,S-1 PEMERINTAHAN DALAM NEGERI
40,5191161,S-1 PEMETAAN
40,5192557,S-1 PEMIKIRAN POLITIK ISLAM
40,5210363,S-1 PEMULIAAN DAN PRODUKSI TERNAK
40,5106177,S-1 PEMULIAAN TANAMAN
40,5193116,S-1 PENANGKAPAN IKAN
40,4100475,S-1 PEND BIOLOGI
40,5101573,S-1 PENDDIDIKAN AGAMA KRISTEN
40,5210364,S-1 PENDIDIDKAN OLAH RAGA DAN KESEHATAN
40,5110000,S-1 PENDIDIKAN
40,5110600,S-1 PENDIDIKAN ADMINISTRASI
40,5193648,S-1 PENDIDIKAN ADMINISTRASI NIAGA
40,5110360,S-1 PENDIDIKAN ADMINISTRASI PERKANTORAN
40,5100066,S-1 PENDIDIKAN AGAMA
40,5110952,S-1 PENDIDIKAN AGAMA BUDHA
40,5140419,S-1 PENDIDIKAN AGAMA HINDU
40,5102281,S-1 PENDIDIKAN AGAMA ISLAM
40,5140219,S-1 PENDIDIKAN AGAMA ISLAM
40,5102569,S-1 PENDIDIKAN AGAMA ISLAM (TARBIYAH)
40,5102104,S-1 PENDIDIKAN AGAMA ISLAM/TARBIYAH
40,5101053,S-1 PENDIDIKAN AGAMA KATOLIK
40,5110951,S-1 PENDIDIKAN AGAMA KRISTEN
40,5101094,S-1 PENDIDIKAN AHLI MADYA KEPERAWATAN
40,5110625,S-1 PENDIDIKAN AKUNTANSI
40,5193445,S-1 PENDIDIKAN AKUNTASI
40,5110965,S-1 PENDIDIKAN ANAK USIA DINI
40,5110464,S-1 PENDIDIKAN ANTROPOLOGI
40,5110800,S-1 PENDIDIKAN BAHASA
40,5110822,S-1 PENDIDIKAN BAHASA ARAB
40,5100664,S-1 PENDIDIKAN BAHASA BALI
40,5210113,S-1 PENDIDIKAN BAHASA BUGIS
40,5190070,S-1 PENDIDIKAN BAHASA DAERAH
40,5100960,S-1 PENDIDIKAN BAHASA DAN SASTRA
40,5210106,S-1 PENDIDIKAN BAHASA DAN SASTRA AGAMA HINDU
40,7103308,S-1 PENDIDIKAN BAHASA DAN SASTRA BAHASA INGGRIS
40,5101591,S-1 PENDIDIKAN BAHASA DAN SASTRA BALI
40,5100778,S-1 PENDIDIKAN BAHASA DAN SASTRA DAERAH
40,5193633,S-1 PENDIDIKAN BAHASA DAN SASTRA DAERAH BALI
40,5101056,S-1 PENDIDIKAN BAHASA DAN SASTRA INDONESIA
40,5110813,S-1 PENDIDIKAN BAHASA DAN SASTRA INDONESIA
40,5100158,S-1 PENDIDIKAN BAHASA DAN SASTRA INDONESIA DAN DAERAH
40,5110851,S-1 PENDIDIKAN BAHASA DAN SASTRA INGGRIS
40,5110816,S-1 PENDIDIKAN BAHASA DAN SASTRA JAWA
40,5103095,S-1 PENDIDIKAN BAHASA DAN SATRA
40,5101742,S-1 PENDIDIKAN BAHASA DAN SATRA INDONESIA
40,5191043,S-1 PENDIDIKAN BAHASA DAN SENI
40,5101596,S-1 PENDIDIKAN BAHASA DAN SENI BAHASA INGGRIS
40,5100063,S-1 PENDIDIKAN BAHASA DAN SENI INDONESIA
40,5101057,S-1 PENDIDIKAN BAHASA INDONESIA
40,5101101,S-1 PENDIDIKAN BAHASA INDONESIA
40,5110812,S-1 PENDIDIKAN BAHASA INDONESIA
40,5101597,S-1 PENDIDIKAN BAHASA INDONESIA DAN DAERAH
40,5101598,S-1 PENDIDIKAN BAHASA INDONESIA DAN SASTRA
40,5101059,S-1 PENDIDIKAN BAHASA INGGRIS
40,5110852,S-1 PENDIDIKAN BAHASA INGGRIS
40,5101601,S-1 PENDIDIKAN BAHASA INGGRIS DAN SASTRA INGGRIS
40,5110817,S-1 PENDIDIKAN BAHASA JAWA
40,5110862,S-1 PENDIDIKAN BAHASA JEPANG
40,5110872,S-1 PENDIDIKAN BAHASA JERMAN
40,5100110,S-1 PENDIDIKAN BAHASA KOREA
40,5193524,S-1 PENDIDIKAN BAHASA LAMPUNG
40,5210114,S-1 PENDIDIKAN BAHASA MAKASSAR
40,5110882,S-1 PENDIDIKAN BAHASA MANDARIN
40,5210115,S-1 PENDIDIKAN BAHASA MELAYU
40,5110891,S-1 PENDIDIKAN BAHASA PERANCIS
40,5101604,S-1 PENDIDIKAN BAHASA SASTRA INDONESIA
40,5101606,S-1 PENDIDIKAN BAHASA SASTRA INDONESIA DAN DAERAH
40,5101607,S-1 PENDIDIKAN BAHASA SUNDA
40,5190046,"S-1 PENDIDIKAN BAHASA, SASTRA INDONESIA DAN DAERAH"
40,5210048,"S-1 PENDIDIKAN BAHASA, SASTRA INDONESIA, DAN BAHASA DAERAH"
40,5101608,S-1 PENDIDIKAN BIDAN
40,5110932,S-1 PENDIDIKAN BIMBINGAN DAN KONSELING
40,5101146,S-1 PENDIDIKAN BIMBINGAN KONSELING
40,5102584,S-1 PENDIDIKAN BIMBINGAN KONSELING ISLAM
40,5110160,S-1 PENDIDIKAN BIOLOGI
40,5102237,S-1 PENDIDIKAN BIOLOGI IKIP
40,5110970,S-1 PENDIDIKAN BISNIS
40,5193556,S-1 PENDIDIKAN BK
40,5210244,S-1 PENDIDIKAN BUDAYA SUNDA
40,5100634,S-1 PENDIDIKAN BUDIDAYA PERAIRAN
40,5101609,S-1 PENDIDIKAN DAN BAHASA SASTRA INDONESIA
40,5100808,S-1 PENDIDIKAN DAN PENGAJARAN AGAMA KATOLIK
40,5101612,S-1 PENDIDIKAN DAN SASTRA INDONESIA
40,5110961,S-1 PENDIDIKAN DASAR
40,5101617,S-1 PENDIDIKAN DOKTER GIGI
40,5199318,S-1 PENDIDIKAN DOKTER HEWAN
40,5111002,S-1 PENDIDIKAN EKONOMI
40,5101620,S-1 PENDIDIKAN EKONOMI - ADMINISTRASI PERKANTORAN
40,5190203,S-1 PENDIDIKAN EKONOMI AKUNTANSI
40,5103126,S-1 PENDIDIKAN EKONOMI AKUNTASI
40,5192700,S-1 PENDIDIKAN EKONOMI DAN AKUNTANSI
40,5101621,S-1 PENDIDIKAN EKONOMI DAN KOPERASI
40,5110633,S-1 PENDIDIKAN EKONOMI KOPERASI
40,5100597,S-1 PENDIDIKAN EKONOMI MANAJEMEN
40,5119117,S-1 PENDIDIKAN EKONOMI SYARIAH
40,5110230,S-1 PENDIDIKAN ELEKTRO
40,5100943,S-1 PENDIDIKAN FISIKA
40,5110993,S-1 PENDIDIKAN GEOGRAFI
40,5110980,S-1 PENDIDIKAN GURU
40,5210103,S-1 PENDIDIKAN GURU AGAMA
40,5101622,S-1 PENDIDIKAN GURU AGAMA HINDU
40,5101623,S-1 PENDIDIKAN GURU AGAMA ISLAM
40,5101530,S-1 PENDIDIKAN GURU AGAMA KATHOLIK
40,5100913,S-1 PENDIDIKAN GURU AGAMA KRISTEN
40,5102313,S-1 PENDIDIKAN GURU ANAK USIA DINI
40,5102314,S-1 PENDIDIKAN GURU BAHASA INDONESIA
40,5102315,S-1 PENDIDIKAN GURU BAHASA INGGRIS
40,5193723,S-1 PENDIDIKAN GURU BIMBINGAN KONSELING
40,5210499,S-1 PENDIDIKAN GURU KEAGAMAAN KRISTEN
40,5192765,S-1 PENDIDIKAN GURU KELAS SEKOLAH DASAR
40,5190090,S-1 PENDIDIKAN GURU MADRASAH IBTIDAIYAH
40,5102318,S-1 PENDIDIKAN GURU MATEMATIKA
40,5101625,S-1 PENDIDIKAN GURU OLAHRAGA DAN KESEHATAN
40,5100490,S-1 PENDIDIKAN GURU PAUD
40,5191071,S-1 PENDIDIKAN GURU PENDIDIKAN ANAK USIA DINI
40,7609176,S-1 PENDIDIKAN GURU SD
40,5102078,S-1 PENDIDIKAN GURU SEKOLAH DASAR
40,5210366,S-1 PENDIDIKAN GURU SEKOLAH DASAR
40,5110984,S-1 PENDIDIKAN GURU SEKOLAH DASAR (PGSD)
40,5191044,S-1 PENDIDIKAN GURU SEKOLAH DASAR PENDIDIKAN JASMANI
40,5193412,S-1 PENDIDIKAN GURU TAMAN KANAK-KANAK
40,5110985,S-1 PENDIDIKAN GURU TK
40,5101574,S-1 PENDIDIKAN HINDU
40,5101725,S-1 PENDIDIKAN HUKUM
40,5101589,S-1 PENDIDIKAN ILMU ADMINISTRASI NEGARA
40,5101626,S-1 PENDIDIKAN ILMU EKONOMI
40,5101628,S-1 PENDIDIKAN ILMU EKONOMI DAN STUDI PEMBANGUNAN
40,5191438,S-1 PENDIDIKAN ILMU KOMPUTER
40,5110122,S-1 PENDIDIKAN ILMU PENGETAHUAN ALAM
40,5190045,S-1 PENDIDIKAN ILMU PENGETAHUAN SOSIAL
40,5103124,S-1 PENDIDIKAN ILMU PENGETAHUAN SOSIAL / PENDIDIKAN SEJARAH
40,5101629,S-1 PENDIDIKAN ILMU PENGETAHUAN SOSIAL SEKOLAH DASAR
40,5101630,S-1 PENDIDIKAN ILMU PERPUSTAKAAN
40,5101017,S-1 PENDIDIKAN ILMU SOSIAL DAN HUMANIORA
40,5190111,S-1 PENDIDIKAN INFORMATIKA
40,5192701,S-1 PENDIDIKAN IPA
40,5102329,S-1 PENDIDIKAN IPA/PENDIDIKAN FISIKA/PENDIDIKAN BIOLOGI/PENDIDIKAN KIMIA
40,5190219,S-1 PENDIDIKAN IPS
40,5193638,S-1 PENDIDIKAN IPS EKONOMI
40,5102330,S-1 PENDIDIKAN IPS/PENDIDIKAN EKONOMI/PENDIDIKAN GEOGRAFI
40,5102331,S-1 PENDIDIKAN IPS/PENDIDIKAN EKONOMI/PENDIDIKAN GEOGRAFI/PENDIDIKAN SEJARAH
40,5102047,S-1 PENDIDIKAN ISLAM
40,5102642,S-1 PENDIDIKAN ISLAM ANAK USIA DINI
40,5110967,S-1 PENDIDIKAN JASMANI
40,5100578,S-1 PENDIDIKAN JASMANI DAN KEOLAHRAGAAN
40,5110968,S-1 PENDIDIKAN JASMANI DAN KESEHATAN
40,5101635,S-1 PENDIDIKAN JASMANI DAN OLAHRAGA
40,5101636,S-1 PENDIDIKAN JASMANI DAN OLAHRAGA KESEHATAN
40,5101637,S-1 PENDIDIKAN JASMANI DAN REKREASI
40,5100083,S-1 PENDIDIKAN JASMANI KESEHATAN
40,5193392,S-1 PENDIDIKAN JASMANI KESEHATAN DAN OLAHRAGA
40,5100937,S-1 PENDIDIKAN JASMANI KESEHATAN DAN REKREASI
40,5210593,S-1 PENDIDIKAN JASMANI KESEHATAN DAN REKREASI
40,5101226,S-1 PENDIDIKAN JASMANI OLAH RAGA DAN KESEHATAN
40,5101638,S-1 PENDIDIKAN JASMANI OLAHRAGA KESEHATAN DAN REKREASI
40,5193298,S-1 PENDIDIKAN JASMANI SD
40,5140424,"S-1 PENDIDIKAN JASMANI, KESEHATAN DAN REKREASI"
40,5102491,"S-1 PENDIDIKAN JASMANI, KESEHATAN, DAN REKREASI"
40,6202394,"S-1 PENDIDIKAN JASMANI, OLAH RAGA, KESEHATAN DAN REKREASI"
40,5100270,S-1 PENDIDIKAN JASMANI/OLAHRAGA KESEHATAN
40,5102660,S-1 PENDIDIKAN KEAGAMAAN BUDDHA
40,5119139,S-1 PENDIDIKAN KEAGAMAAN HINDU
40,5193606,S-1 PENDIDIKAN KEAGAMAAN ISLAM
40,5102656,S-1 PENDIDIKAN KEAGAMAAN KATOLIK
40,5119140,S-1 PENDIDIKAN KEAGAMAAN KRISTEN
40,5209123,S-1 PENDIDIKAN KEDOKTERAN HEWAN
40,5100603,S-1 PENDIDIKAN KEGURUAN
40,5200017,S-1 PENDIDIKAN KEPELATIHAN
40,5100079,S-1 PENDIDIKAN KEPELATIHAN OLAHRAGA
40,5100661,S-1 PENDIDIKAN KEPERAWATAN
40,5210245,S-1 PENDIDIKAN KEPERCAYAAN TERHADAP TUHAN YANG MAHA ESA
40,5192703,S-1 PENDIDIKAN KESEHATAN DAN ILMU PERILAKU
40,6104256,S-1 PENDIDIKAN KESEHATAN DAN JASMANI
40,5110651,S-1 PENDIDIKAN KESEHATAN DAN REKREASI
40,5131050,S-1 PENDIDIKAN KESEHATAN MASYARAKAT
40,5110652,S-1 PENDIDIKAN KESEJAHTERAAN KELUARGA
40,5110535,S-1 PENDIDIKAN KESENIAN
40,5100571,S-1 PENDIDIKAN KESENIAN DAN KETERAMPILAN
40,5110400,S-1 PENDIDIKAN KEWARGANEGARAAN
40,5100091,S-1 PENDIDIKAN KHUSUS
40,5110140,S-1 PENDIDIKAN KIMIA
40,5111000,S-1 PENDIDIKAN KOMPUTER
40,7609247,S-1 PENDIDIKAN KOMPUTER TEKNIK INFORMATIKA
40,5103123,S-1 PENDIDIKAN KOMUNIKASI DAN PENYIARAN ISLAM
40,5100658,S-1 PENDIDIKAN KONSELING
40,5110634,S-1 PENDIDIKAN KOPERASI
40,5101528,S-1 PENDIDIKAN KRISTEN
40,5102974,S-1 PENDIDIKAN KRISTEN ANAK USIA DINI
40,5193468,S-1 PENDIDIKAN KRIYA
40,5101666,S-1 PENDIDIKAN KURIKULUM
40,5101652,S-1 PENDIDIKAN KURIKULUM DAN TEKNOLOGI PENDIDIKAN
40,5102493,S-1 PENDIDIKAN LUAR BIASA
40,5101817,S-1 PENDIDIKAN LUAR SEKOLAH
40,6202419,S-1 PENDIDIKAN MANAJEMEN
40,5191301,S-1 PENDIDIKAN MANAJEMEN PERKANTORAN
40,5110991,S-1 PENDIDIKAN MASYARAKAT
40,5110120,S-1 PENDIDIKAN MATEMATIKA
40,5210368,S-1 PENDIDIKAN MATEMATIKA DAN ILMU PENGETAHUAN ALAM
40,5110121,S-1 PENDIDIKAN MATEMATIKA DAN IPA
40,5100897,S-1 PENDIDIKAN MATEMATIKA PENDIDIKAN DASAR
40,5193712,S-1 PENDIDIKAN MESIN
40,5110100,S-1 PENDIDIKAN MIPA
40,5101426,S-1 PENDIDIKAN MIPA KIMIA
40,5102098,S-1 PENDIDIKAN MORAL PANCASILA DAN KEWARGAAN NEGARA
40,5100807,S-1 PENDIDIKAN MORAL PANCASILA DAN KEWARGANEGARAAN
40,5191278,S-1 PENDIDIKAN MULTIMEDIA
40,5193545,S-1 PENDIDIKAN MUSIK
40,5109951,S-1 PENDIDIKAN MUSIK GEREJA
40,5102673,S-1 PENDIDIKAN NON FORMAL
40,5210246,S-1 PENDIDIKAN NONFORMAL ATAU PENDIDIKAN MASYARAKAT
40,5110963,S-1 PENDIDIKAN OLAH RAGA
40,5110964,S-1 PENDIDIKAN OLAH RAGA DAN KESEHATAN
40,5190192,S-1 PENDIDIKAN OLAHRAGA
40,5191163,S-1 PENDIDIKAN OLAHRAGA DAN KESEHATAN
40,5100599,S-1 PENDIDIKAN OLAHRAGA DAN REKREASI
40,5191275,S-1 PENDIDIKAN OLAHRAGA KESEHATAN
40,5193458,"S-1 PENDIDIKAN OLAHRAGA, JASMANI, KESEHATAN DAN REKREASI"
40,5102019,S-1 PENDIDIKAN PANCASILA DAN KEWARGANEGARAAN
40,5111003,S-1 PENDIDIKAN PANCASILA DAN KEWARGANEGARAAN
40,5101527,S-1 PENDIDIKAN PAUD
40,5103062,S-1 PENDIDIKAN PELATIHAN DAN OLAHRAGA
40,5101653,S-1 PENDIDIKAN PENGEMBANGAN KURIKULUM DAN TEKNOLOGI PENDIDIKAN
40,5192626,S-1 PENDIDIKAN PENJASKES REKREASI
40,5193469,S-1 PENDIDIKAN PENJASKESORKES
40,7609172,S-1 PENDIDIKAN PENJASORKES
40,5210500,S-1 PENDIDIKAN PENYULUH AGAMA
40,5110995,S-1 PENDIDIKAN PERPUSTAKAAN
40,5193358,S-1 PENDIDIKAN PGSD
40,5191414,S-1 PENDIDIKAN PPKN
40,5101335,S-1 PENDIDIKAN PSIKOLOGI DAN BIMBINGAN
40,5210369,S-1 PENDIDIKAN REKAYASA ELEKTRO
40,5210370,S-1 PENDIDIKAN REKAYASA ELEKTRONIKA
40,5210371,S-1 PENDIDIKAN REKAYASA MESIN
40,5192808,S-1 PENDIDIKAN SAINS
40,5102605,S-1 PENDIDIKAN SASTRA DAN BAHASA INDONESIA
40,5101582,S-1 PENDIDIKAN SASTRA DAN SENI
40,5110811,S-1 PENDIDIKAN SASTRA INDONESIA
40,5100439,S-1 PENDIDIKAN SASTRA INDONESIA DAN DAERAH
40,5110853,S-1 PENDIDIKAN SASTRA INGGRIS
40,5210247,S-1 PENDIDIKAN SASTRA JAWA
40,5102171,S-1 PENDIDIKAN SD
40,5110462,S-1 PENDIDIKAN SEJARAH
40,5110463,S-1 PENDIDIKAN SEJARAH DAN ANTROPOLOGI
40,5191058,S-1 PENDIDIKAN SEJARAH DAN BIOLOGI
40,5190190,S-1 PENDIDIKAN SEJARAH DAN SOSIOLOGI
40,5193119,S-1 PENDIDIKAN SEJARAH INDONESIA
40,5100449,S-1 PENDIDIKAN SEKOLAH DASAR
40,5100887,S-1 PENDIDIKAN SENDRATASIK
40,5102296,S-1 PENDIDIKAN SENDRATASIK (SENI MUSIK)
40,5192771,S-1 PENDIDIKAN SENI
40,5101667,S-1 PENDIDIKAN SENI DAN BAHASA INGGRIS
40,5110536,"S-1 PENDIDIKAN SENI DRAMA, TARI DAN MUSIK"
40,5102976,S-1 PENDIDIKAN SENI KARAWITAN AGAMA HINDU
40,5210502,S-1 PENDIDIKAN SENI KARAWITAN KEAGAMAAN HINDU
40,5210462,S-1 PENDIDIKAN SENI KEAGAMAAN
40,5100016,S-1 PENDIDIKAN SENI KERAJINAN
40,5193719,S-1 PENDIDIKAN SENI KERAWITAN
40,5110532,S-1 PENDIDIKAN SENI MUSIK
40,5102550,S-1 PENDIDIKAN SENI PERTUNJUKAN
40,5190041,S-1 PENDIDIKAN SENI RUPA
40,5110534,S-1 PENDIDIKAN SENI TARI
40,5192803,S-1 PENDIDIKAN SENI TARI DAN MUSIK
40,5111051,S-1 PENDIDIKAN SISTEM INFORMASI KOMPUTER
40,5100212,S-1 PENDIDIKAN SISTEM INFORMATIKA
40,5110380,S-1 PENDIDIKAN SOSIOLOGI
40,5190107,S-1 PENDIDIKAN SOSIOLOGI ANTROPOLOGI
40,5102572,S-1 PENDIDIKAN TARI
40,5110551,S-1 PENDIDIKAN TATA BOGA
40,5191092,S-1 PENDIDIKAN TATA BUSANA
40,5110621,S-1 PENDIDIKAN TATA NIAGA
40,5110554,S-1 PENDIDIKAN TATA RIAS
40,5102494,S-1 PENDIDIKAN TEHNIK SIPIL DAN PERENCANAAN
40,5110200,S-1 PENDIDIKAN TEKNIK
40,5100728,S-1 PENDIDIKAN TEKNIK ARSITEKTUR
40,5191072,S-1 PENDIDIKAN TEKNIK ARSITEKTUR/BANGUNAN GEDUNG
40,5110212,S-1 PENDIDIKAN TEKNIK BANGUNAN
40,5192806,S-1 PENDIDIKAN TEKNIK BANGUNAN GEDUNG
40,5191306,S-1 PENDIDIKAN TEKNIK BOGA
40,5110231,S-1 PENDIDIKAN TEKNIK ELEKTRO
40,5110232,S-1 PENDIDIKAN TEKNIK ELEKTRONIKA
40,5110219,S-1 PENDIDIKAN TEKNIK INFORMATIKA
40,5191117,S-1 PENDIDIKAN TEKNIK INFORMATIKA DAN KOMPUTER
40,5200032,S-1 PENDIDIKAN TEKNIK INFORMATIKA KOMPUTER
40,5110221,S-1 PENDIDIKAN TEKNIK MESIN
40,5110224,S-1 PENDIDIKAN TEKNIK OTOMOTIF
40,5210438,S-1 PENDIDIKAN TEKNIK PERTANIAN
40,5110211,S-1 PENDIDIKAN TEKNIK SIPIL
40,5192810,S-1 PENDIDIKAN TEKNIK SIPIL DAN PERENCANAAN
40,5101281,S-1 PENDIDIKAN TEKNIK TENAGA LISTRIK
40,5111050,S-1 PENDIDIKAN TEKNOLOGI INFORMASI
40,5100518,S-1 PENDIDIKAN TEKNOLOGI INFORMASI DAN KOMUNIKASI
40,5101663,S-1 PENDIDIKAN TEKNOLOGI INFORMASI DAN KOMUNIKASI (TIK)
40,5193666,S-1 PENDIDIKAN TEKNOLOGI INFORMASI DAN TELEKOMUNIKASI
40,7609173,S-1 PENDIDIKAN TEKNOLOGI INFORMATIKA
40,6202433,S-1 PENDIDIKAN TEKNOLOGI PENDIDIKAN
40,5102573,S-1 PENDIDIKAN TEKNOLOGI PERTANIAN
40,5101664,S-1 PENDIDIKAN TEOLOGI
40,5102534,S-1 PENDIDIKAN TERNAK
40,5101665,S-1 PENDIDIKAN UMUM
40,5101522,S-1 PENDIDIKAN USIA DINI
40,5102715,S-1 PENDIDIKAN VOKASIONAL AGRIBISNIS
40,5102978,S-1 PENDIDIKAN VOKASIONAL DESAIN FASHION
40,5102979,S-1 PENDIDIKAN VOKASIONAL GAMBAR ARSITEKTUR
40,5102716,S-1 PENDIDIKAN VOKASIONAL KESEJAHTERAAN KELUARGA
40,5102986,S-1 PENDIDIKAN VOKASIONAL KONSTRUKSI BANGUNAN
40,9940612,S-1 PENDIDIKAN VOKASIONAL MEKATRONIKA
40,5210248,S-1 PENDIDIKAN VOKASIONAL REKAYASA ELEKTRO
40,5210249,S-1 PENDIDIKAN VOKASIONAL REKAYASA ELEKTRONIKA
40,5210250,S-1 PENDIDIKAN VOKASIONAL REKAYASA MESIN
40,5210251,S-1 PENDIDIKAN VOKASIONAL REKAYASA PERTANIAN
40,5102993,S-1 PENDIDIKAN VOKASIONAL SENI KULINER
40,5102994,S-1 PENDIDIKAN VOKASIONAL TATA RIAS
40,5102718,S-1 PENDIDIKAN VOKASIONAL TEKNIK MESIN
40,5210252,S-1 PENDIDIKAN VOKASIONAL TEKNIK PERTANIAN
40,5102988,S-1 PENDIDIKAN VOKASIONAL TEKNOLOGI OTOMOTIF
40,5210505,S-1 PENERANGAN AGAMA
40,5140423,S-1 PENERANGAN AGAMA HINDU
40,5190226,S-1 PENERANGAN DAN PENYIARAN AGAMA
40,5200027,S-1 PENERANGAN HINDU
40,5102649,S-1 PENGADAAN
40,5101668,S-1 PENGAIRAN
40,5102983,S-1 PENGELOLAAN HUTAN
40,5210372,S-1 PENGELOLAAN LINGKUNGAN
40,5210373,S-1 PENGELOLAAN SUMBER DAYA ALAM
40,5191295,S-1 PENGELOLAAN SUMBER DAYA ALAM DAN LINGKUNGAN
40,5210133,S-1 PENGELOLAAN SUMBER DAYA LAHAN
40,5100087,S-1 PENGELOLAAN SUMBER DAYA PERAIRAN
40,5190234,S-1 PENGELOLAAN SUMBER DAYA PERIKANAN
40,5101669,S-1 PENGEMBANGAN KURIKULUM
40,5130033,S-1 PENGEMBANGAN MASYARAKAT
40,5191088,S-1 PENGEMBANGAN MASYARAKAT ISLAM
40,5100232,S-1 PENGEMBANGAN WILAYAH
40,5191064,S-1 PENGEMBANGAN WILAYAH DAN KOTA
40,5199314,S-1 PENGINDERAAN JAUH
40,5102897,S-1 PENGOLAHAN DAN PENYIMPANAN HASIL PERIKANAN
40,5210374,S-1 PENGOLAHAN HASIL LAUT
40,5106551,S-1 PENGOLAHAN HASIL PERIKANAN
40,5106106,S-1 PENGOLAHAN HASIL PERTANIAN
40,5210571,S-1 PENGUKURAN DAN EVALUASI PENDIDIKAN
40,5191192,S-1 PENJASKES
40,5192813,S-1 PENJASKESREK
40,5100326,S-1 PENJASORKES
40,5193620,S-1 PENYIARAN
40,5103058,S-1 PENYIARAN ISLAM
40,5101672,S-1 PENYIARAN PENERANGAN AGAMA ISLAM
40,5106130,S-1 PENYULUH DAN KOMUNIKASI PERTANIAN
40,5193414,S-1 PENYULUH KESEHATAN MASYARAKAT
40,5100666,S-1 PENYULUH PERIKANAN
40,5106105,S-1 PENYULUH PERTANIAN
40,5190043,S-1 PENYULUH PETERNAKAN
40,5101518,S-1 PENYULUHAN DAN KOMUNIKASI PERTANIAN
40,5101301,S-1 PENYULUHAN DAN KOMUNIKASI PERTANIAN (PKP)
40,5102350,S-1 PENYULUHAN DAN KOMUNIKASI PETERNAKAN
40,5210375,S-1 PENYULUHAN PERKEBUNAN
40,5101575,S-1 PENYULUHAN PERTANIAN
40,5210529,S-1 PENYULUHAN PERTANIAN BERKELANJUTAN
40,5210376,S-1 PENYULUHAN PERTANIAN LAHAN KERING
40,5210377,S-1 PENYULUHAN PETERNAKAN
40,5210378,S-1 PENYULUHAN PETERNAKAN DAN KESEJAHTERAAN HEWAN
40,5140300,S-1 PERADILAN AGAMA
40,5102529,S-1 PERANCANGAN JALAN DAN JEMBATAN
40,5101576,S-1 PERAWAT
40,5140221,S-1 PERBANDINGAN AGAMA
40,5101677,S-1 PERBANDINGAN HUKUM DAN MADZHAB
40,5102193,S-1 PERBANDINGAN MADZHAB DAN HUKUM
40,5102496,S-1 PERBANDINGAN MAZHAB
40,5140316,S-1 PERBANDINGAN MAZHAB DAN HUKUM
40,5191396,S-1 PERBANKAN
40,5192809,S-1 PERBANKAN SYARIAH
40,5210253,S-1 PERDAGANGAN INTERNASIONAL
40,6202399,S-1 PERDATA DAN PIDANA ISLAM
40,5192759,S-1 PERDATA PIDANA ISLAM
40,5192768,S-1 PERENCANA WILAYAH DAN KOTA
40,5191107,S-1 PERENCANA WILAYAH DAN TATA KOTA
40,5193361,S-1 PERENCANAAN
40,5193525,S-1 PERENCANAAN DAN KEBIJAKAN PUBLIK
40,5210052,S-1 PERENCANAAN KOTA
40,5101683,S-1 PERENCANAAN PEMBANGUNAN
40,5193121,S-1 PERENCANAAN TATA RUANG
40,5100672,S-1 PERENCANAAN WILAYAH
40,5109169,S-1 PERENCANAAN WILAYAH DAN KOTA
40,5210445,S-1 PERENCANAAN WILAYAH DAN KOTA/PLANOLOGI
40,5100389,S-1 PERENCANAAN WILAYAH KOTA
40,5109910,S-1 PERHOTELAN
40,5153100,S-1 PERHUBUNGAN
40,5106500,S-1 PERIKANAN
40,5106521,S-1 PERIKANAN BIDANG AQUAKULTURE
40,5193481,S-1 PERIKANAN BUDIDAYA
40,5190213,S-1 PERIKANAN DAN ILMU KELAUTAN
40,5100564,S-1 PERIKANAN DAN KELAUTAN
40,5106571,S-1 PERIKANAN LAUT
40,5106541,S-1 PERIKANAN MANAJEMEN SUMBER DAYA PERAIRAN
40,5106552,S-1 PERIKANAN PENGOLAHAN HASIL LAUT
40,5106553,S-1 PERIKANAN PENGOLAHAN HASIL PERAIRAN
40,5106563,S-1 PERIKANAN TANGKAP
40,5103149,S-1 PERIKANAN TEKNOLOGI HASIL PERIKANAN
40,5102904,S-1 PERIKLANAN
40,5192581,S-1 PERINDUSTRIAN
40,5192576,S-1 PERKANTORAN
40,5190077,S-1 PERKAPALAN
40,5106200,S-1 PERKEBUNAN
40,5100480,S-1 PERKERETAAPIAN
40,5210379,S-1 PERLINDUNGAN TANAMAN
40,5102907,S-1 PERMESINAN PERIKANAN
40,5100460,S-1 PERMINYAKAN
40,5192638,S-1 PERPAJAKAN
40,5101577,S-1 PERPUSTAKAAN
40,9000700,S-1 PERPUSTAKAAN DAN ILMU INFORMASI
40,5193122,S-1 PERPUSTAKAAN DAN INFORMASI
40,5193727,S-1 PERPUSTAKAAN DAN SAINS INFORMASI
40,5210506,S-1 PERPUSTAKAAN DAN SAINS INFORMASI KEAGAMAAN KRISTEN
40,5193449,S-1 PERSANDIAN
40,5193123,S-1 PERTAHANAN
40,5108000,S-1 PERTAMANAN
40,5101578,S-1 PERTAMBANGAN
40,5109170,S-1 PERTAMBANGAN
40,5192633,S-1 PERTANAHAN
40,5106100,S-1 PERTANIAN
40,5191040,S-1 PERTANIAN AGRIBISNIS
40,5106132,S-1 PERTANIAN AGROBISNIS
40,5106137,S-1 PERTANIAN AGROEKONOMI
40,5100077,S-1 PERTANIAN AGROEKOTEKNOLOGI
40,5106131,S-1 PERTANIAN AGRONOMI
40,5106134,S-1 PERTANIAN AGRONOMI HORTIKULTURA
40,5106139,S-1 PERTANIAN AGRONOMI TANAH
40,5190123,S-1 PERTANIAN AGROTEKNOLOGI
40,5210053,S-1 PERTANIAN BERKELANJUTAN
40,5190205,S-1 PERTANIAN BUDIDAYA
40,5101685,S-1 PERTANIAN DAN KEHUTANAN
40,5102564,S-1 PERTANIAN DAN PERKEBUNAN
40,5190096,S-1 PERTANIAN HAMA DAN PENYAKIT TUMBUHAN
40,5101695,S-1 PERTANIAN HORTIKULTURA
40,5191106,S-1 PERTANIAN ILMU TANAH
40,5106158,S-1 PERTANIAN PRODUKSI PETERNAKAN
40,5106128,S-1 PERTANIAN SOSIAL EKONOMI
40,5106123,S-1 PERTANIAN TEKNOLOGI BENIH
40,5102053,S-1 PETERNAKAN
40,5106400,S-1 PETERNAKAN
40,5102909,S-1 PETERNAKAN (AGRIBISNIS TERNAK UNGGAS)
40,5193663,S-1 PETERNAKAN DAN PERIKANAN
40,5100516,S-1 PETERNAKAN ILMU NUTRISI DAN TEKNOLOGI PAKAN
40,5101699,S-1 PETERNAKAN NUTRISI DAN MAKANAN TERNAK
40,5106490,S-1 PETERNAKAN PEMULIAAN TERNAK
40,5101700,S-1 PETERNAKAN PRODUKSI TERNAK
40,5106443,S-1 PETERNAKAN TEKNIK PENYEHATAN
40,6202357,S-1 PG PAUD
40,5193474,S-1 PGAI (PENDIDIKAN GURU AGAMA ISLAM)
40,5190071,S-1 PGMI
40,5100754,S-1 PGMI/SD
40,5193539,S-1 PGPAUD
40,5191096,S-1 PGSD
40,5193475,S-1 PGSD (PENDIDIKAN GURU SEKOLAH DASAR)
40,5100729,S-1 PGSD/MI
40,5192625,S-1 PGSLB
40,5100427,S-1 PGTK
40,5193363,S-1 PIDANA ISLAM
40,5100947,S-1 PJKR
40,5101295,S-1 PJOK
40,5100884,S-1 PKN
40,5191078,S-1 PLANOLOGI
40,5100400,S-1 PLB B (TUNA RUNGU WICARA)
40,5100090,S-1 PLS
40,5101579,S-1 POLITIK
40,5199316,S-1 POLITIK DAN PEMERINTAHAN
40,5102497,S-1 POLITIK ISLAM
40,5100118,S-1 PPKN
40,5193598,S-1 PRAKTISI HUKUM
40,5193644,S-1 PRODUKSI DAN TEKNOLOGI PAKAN TERNAK
40,5210381,S-1 PRODUKSI MEDIA
40,5100374,S-1 PRODUKSI PETERNAKAN
40,5106411,S-1 PRODUKSI TERNAK
40,5101717,S-1 PROFESI AKUNTANSI
40,5101174,S-1 PROFESI NERS
40,5100103,S-1 PROGRAM STUDI MANAJEMEN
40,5100101,S-1 PROGRAM STUDI MATEMATIKA
40,5104822,S-1 PROMOSI KESEHATAN
40,5193629,S-1 PROTEKSI PENYAKIT TUMBUHAN
40,5100612,S-1 PROTEKSI TANAMAN
40,5193126,S-1 PSIKIOLOGI UMUM
40,5130000,S-1 PSIKOLOGI
40,5210382,S-1 PSIKOLOGI (MINAT PSIKOLOGI KLINIS)
40,5101950,S-1 PSIKOLOGI (SPESIALISASI ANAK-REMAJA-KELUARGA)
40,5100459,S-1 PSIKOLOGI + PROFESI
40,5140412,S-1 PSIKOLOGI AGAMA
40,5191382,S-1 PSIKOLOGI ANAK
40,5130011,S-1 PSIKOLOGI ANAK DAN PERKEMBANGAN
40,5210056,S-1 PSIKOLOGI BIMBINGAN KONSELING
40,5100811,S-1 PSIKOLOGI ISLAM
40,5210161,S-1 PSIKOLOGI KRISTEN
40,5193127,S-1 PSIKOLOGI MASYARAKAT
40,5100121,S-1 PSIKOLOGI PAUD
40,5130012,S-1 PSIKOLOGI PENDIDIKAN
40,5190063,S-1 PSIKOLOGI PENDIDIKAN DAN BIMBINGAN
40,6202420,S-1 PSIKOLOGI PENDIDIKAN DAN BIMBNGAN
40,5100115,S-1 PSIKOLOGI PERKEMBANGAN
40,5130052,S-1 PSIKOLOGI PERUSAHAAN
40,5130032,S-1 PSIKOLOGI SOSIAL
40,5102888,S-1 PSIKOLOGI TERAPAN
40,5193181,S-1 PSIKOLOGI UMUM
40,5192704,S-1 PUBLIC RELATION
40,5193452,S-1 PUSTAKAWAN
40,5193224,S-1 RANCANG KOTA
40,5130034,S-1 REHABILITASI SOSIAL
40,5193187,S-1 REKAM MEDIK
40,5193599,S-1 REKAM MEDIS DAN INFORMASI KESEHATAN
40,5210255,S-1 REKAYASA BIOENERGI DAN KEMURGI
40,5210256,S-1 REKAYASA BIOMEDIS
40,5210257,S-1 REKAYASA BIOPROSES
40,5210258,S-1 REKAYASA BIOSISTEM
40,5210259,S-1 REKAYASA DIRGANTARA
40,5193301,S-1 REKAYASA ELEKTRO
40,5210384,S-1 REKAYASA ELEKTRONIKA
40,5210058,S-1 REKAYASA FISIKA
40,5210059,S-1 REKAYASA GEODESI
40,5210260,S-1 REKAYASA GEOFISIKA
40,6202280,S-1 REKAYASA GEOLOGI
40,5210060,S-1 REKAYASA GEOMATIKA
40,5100197,S-1 REKAYASA HAYATI
40,5119120,S-1 REKAYASA INDUSTRI
40,5210061,S-1 REKAYASA INDUSTRI PERTANIAN
40,5210385,S-1 REKAYASA INFRASTRUKTUR DAN LINGKUNGAN
40,5193131,S-1 REKAYASA INFRASTRUKTUR LINGKUNGAN
40,5210261,S-1 REKAYASA INSTRUMENTASI DAN AUTOMASI
40,5209124,S-1 REKAYASA KEHUTANAN
40,5210262,S-1 REKAYASA KELAUTAN
40,5210263,S-1 REKAYASA KEOLAHRAGAAN
40,5210264,S-1 REKAYASA KESELAMATAN
40,5210555,S-1 REKAYASA KESELAMATAN INDUSTRI
40,5210062,S-1 REKAYASA KESELAMATAN KEBAKARAN
40,5210063,S-1 REKAYASA KIMIA
40,5103063,S-1 REKAYASA KOMPUTER
40,5210265,S-1 REKAYASA KOSMETIK
40,5210064,S-1 REKAYASA LINGKUNGAN
40,5210197,S-1 REKAYASA LOGISTIK
40,5210267,S-1 REKAYASA MANUFAKTUR
40,5210065,S-1 REKAYASA MATERIAL
40,5210386,S-1 REKAYASA MATERIAL DAN METALURGI
40,5210268,S-1 REKAYASA MEKATRONIKA
40,5210066,S-1 REKAYASA MESIN
40,5210269,S-1 REKAYASA METALURGI
40,5210270,S-1 REKAYASA MINYAK DAN GAS
40,5210271,S-1 REKAYASA NUKLIR
40,5100717,S-1 REKAYASA PERANGKAT LUNAK
40,5210272,S-1 REKAYASA PERKAPALAN
40,5210273,S-1 REKAYASA PERKERETAAPIAN
40,5210274,S-1 REKAYASA PERMINYAKAN
40,5210067,S-1 REKAYASA PERTAMBANGAN
40,5193132,S-1 REKAYASA PERTANIAN
40,5210275,S-1 REKAYASA PERTANIAN DAN BIOSISTEM
40,5193302,S-1 REKAYASA SIPIL
40,5210276,S-1 REKAYASA SISTEM ENERGI
40,5210387,S-1 REKAYASA SISTEM INFORMASI
40,5102648,S-1 REKAYASA SISTEM KOMPUTER
40,5210277,S-1 REKAYASA SISTEM PERKAPALAN
40,5200120,S-1 REKAYASA SISTEM TRANSPORTASI JALAN
40,5210278,S-1 REKAYASA SUMBER DAYA AIR
40,5210279,S-1 REKAYASA SUMBER DAYA PENGAIRAN
40,5210068,S-1 REKAYASA TATA KELOLA AIR TERPADU
40,5210280,S-1 REKAYASA TEKSTIL
40,5210069,S-1 REKAYASA TELEKOMUNIKASI
40,5210281,S-1 REKAYASA TENAGA LISTRIK
40,5210282,S-1 REKAYASA TRANSPORTASI LAUT
40,5190014,S-1 SAINS
40,5210283,S-1 SAINS AKTUARIA
40,5210284,S-1 SAINS ATMOSFER DAN KEPLANETAN
40,5100315,S-1 SAINS BIOLOGI
40,5210166,S-1 SAINS BIOMEDIS
40,5100895,S-1 SAINS DAN TEKNOLOGI
40,5199321,S-1 SAINS DAN TEKNOLOGI FARMASI
40,5210070,S-1 SAINS DATA
40,5210071,S-1 SAINS DATA SPASIAL
40,5100058,S-1 SAINS FISIKA
40,5210072,S-1 SAINS INFORMASI
40,5102872,S-1 SAINS INFORMASI GEOGRAFI
40,5210286,S-1 SAINS KELAUTAN
40,5210287,S-1 SAINS KELUARGA DAN KONSUMEN
40,5210288,S-1 SAINS KEOLAHRAGAAN
40,5210289,S-1 SAINS KEPOLISIAN
40,5109315,S-1 SAINS KIMIA
40,5102388,S-1 SAINS KOMPUTASI
40,5102544,S-1 SAINS KOMUNIKASI
40,5210389,S-1 SAINS KOMUNIKASI DAN PENGEMBANGAN MASYARAKAT
40,5210290,S-1 SAINS LINGKUNGAN
40,5210390,S-1 SAINS MANAJEMEN
40,5192755,S-1 SAINS MATEMATIKA
40,5210291,S-1 SAINS PANGAN
40,5210292,S-1 SAINS PERIKANAN
40,5210294,S-1 SAINS PERTANIAN
40,5210295,S-1 SAINS POLITIK
40,5210296,S-1 SAINS TANAH
40,5210507,S-1 SAINS TEOLOGI KRISTEN
40,5151051,S-1 SAINS TERAPAN
40,4609140,S-1 SANITASI LINGKUNGAN
40,5100848,S-1 SARAJAN PERTANIAN
40,5100099,S-1 SARJANA ADMINISTRASI
40,5100877,S-1 SARJANA ADMINISTRASI BISNIS
40,5101733,S-1 SARJANA ADMINISTRASI NEGARA
40,5101734,S-1 SARJANA ADMINISTRASI NIAGA
40,5101736,S-1 SARJANA AGAMA
40,5101083,S-1 SARJANA EKONOMI
40,5100659,S-1 SARJANA EKONOMI DAN HUKUM
40,5100828,S-1 SARJANA HUKUM
40,5102206,S-1 SARJANA KEPERAWATAN
40,5100849,S-1 SARJANA KOMPUTER
40,5101271,S-1 SARJANA MANAJEMEN
40,5100100,S-1 SARJANA PENDIDIKAN
40,5102259,S-1 SARJANA PENDIDIKAN SEJARAH
40,5190007,S-1 SARJANA SAINS
40,5101737,S-1 SARJANA SASTRA
40,5101738,S-1 SARJANA SENI
40,5101739,S-1 SARJANA SOSIAL
40,5102355,S-1 SARJANA SYARIAH
40,5190058,S-1 SARJANA TATA PERKANTORAN
40,5190069,S-1 SARJANA TEKNIK DAN MANAJEMEN
40,5191020,S-1 SARJANA TEKNIS
40,5100044,S-1 SASTRA
40,5210116,S-1 SASTRA ACEH
40,5102499,S-1 SASTRA AGAMA DAN PENDIDIKAN BAHASA BALI
40,5120412,S-1 SASTRA ARAB
40,5120414,S-1 SASTRA ARAB DAN KEBUDAYAAN ISLAM
40,5100637,S-1 SASTRA ASING
40,5100982,S-1 SASTRA BAHASA ARAB
40,5100169,S-1 SASTRA BAHASA INGGRIS
40,5120232,S-1 SASTRA BALI
40,5102500,S-1 SASTRA BATAK
40,5120531,S-1 SASTRA BELANDA
40,5210297,S-1 SASTRA BUGIS
40,5120322,S-1 SASTRA CINA
40,5120200,S-1 SASTRA DAERAH
40,5210167,S-1 SASTRA DAERAH UNTUK SASTRA BALI
40,5100055,S-1 SASTRA DAN BAHASA ARAB
40,5193691,S-1 SASTRA DAN BAHASA INDONESIA
40,5100878,S-1 SASTRA DAN BAHASA INGGRIS
40,5101019,S-1 SASTRA DAN SENI
40,5120100,S-1 SASTRA INDONESIA
40,5100984,S-1 SASTRA INDONESIA/A. IV
40,5102160,S-1 SASTRA INGGRIS
40,5120511,S-1 SASTRA INGGRIS
40,5120212,S-1 SASTRA JAWA
40,5120215,S-1 SASTRA JAWA KUNO
40,5120312,S-1 SASTRA JEPANG
40,5120551,S-1 SASTRA JERMAN
40,5120332,S-1 SASTRA KOREA
40,5120324,S-1 SASTRA MANDARIN
40,5102501,S-1 SASTRA MELAYU
40,5120111,S-1 SASTRA MINANGKABAU
40,5120117,S-1 SASTRA NUSANTARA
40,5120521,S-1 SASTRA PERANCIS
40,5193494,S-1 SASTRA PRANCIS
40,5120541,S-1 SASTRA RUSIA
40,5100406,S-1 SASTRA SPANYOL
40,5120222,S-1 SASTRA SUNDA
40,5102868,S-1 SASTRA TIONGKOK
40,5192696,S-1 SDM
40,5120703,S-1 SEJARAH
40,5191085,S-1 SEJARAH DAN KEBUDAYAAN ISLAM
40,5102502,S-1 SEJARAH DAN PERADABAN ISLAM
40,5192695,S-1 SEJARAH ISLAM
40,5100105,S-1 SEJARAH KEBUDAYAAN ISLAM
40,5110921,S-1 SEJARAH PENDIDIKAN
40,5192760,S-1 SEJARAH PERADABAN ISLAM
40,5210298,S-1 SEJARAH SENI
40,5100963,S-1 SEKOLAH PENDIDIKAN SENI RUPA
40,5126100,S-1 SEKRETARIS
40,5210074,S-1 SEMUA JURUSAN
40,5100682,S-1 SENDRATASIK
40,5119000,S-1 SENI
40,5210173,S-1 SENI DRAMA TARI DAN MUSIK
40,5101002,S-1 SENI DRAMA TARI MUSIK
40,5119052,S-1 SENI KARAWITAN
40,5192694,S-1 SENI KARAWITAN DAN SENI TARI
40,5102503,S-1 SENI KERAWITAN
40,5119021,S-1 SENI KRIYA
40,5119012,S-1 SENI MURNI
40,5119061,S-1 SENI MUSIK
40,5119073,S-1 SENI PEDALANGAN
40,5100235,S-1 SENI PERTUNJUKAN
40,5210509,S-1 SENI PERTUNJUKKAN KEAGAMAAN
40,5119014,S-1 SENI RUPA
40,5119011,S-1 SENI RUPA DAN DESAIN
40,5119019,S-1 SENI RUPA MURNI
40,5119041,S-1 SENI TARI
40,5199317,S-1 SILVIKULTUR
40,5210299,S-1 SINOLOGI
40,5192767,S-1 SIPIL
40,5100112,S-1 SISTEM DAN TEKNOLOGI INFORMASI
40,5100144,S-1 SISTEM INFORMASI
40,5150071,S-1 SISTEM INFORMASI
40,5192670,S-1 SISTEM INFORMASI AKUNTANSI
40,5009062,S-1 SISTEM INFORMASI DAN KOMUNIKASI
40,5119122,S-1 SISTEM INFORMASI JARINGAN
40,5119144,S-1 SISTEM INFORMASI KESEHATAN
40,5191413,S-1 SISTEM INFORMASI KOMPUTER
40,5150070,S-1 SISTEM INFORMATIKA
40,5210533,S-1 SISTEM INFROMASI
40,5193636,S-1 SISTEM KEARSIPAN
40,5102765,S-1 SISTEM KELISTRIKAN
40,5150072,S-1 SISTEM KOMPUTER
40,5193366,S-1 SISTEM TEKNIK INFORMATIKA
40,5119123,S-1 SIYASAH SYARIAH (HUKUM TATA NEGARA)
40,5101004,S-1 SKM MANAJEMEN RUMAH SAKIT
40,5130031,S-1 SOSIAL
40,5103054,S-1 SOSIAL ANTROPOLOGI
40,5193418,S-1 SOSIAL DAN POLITIK
40,5100172,S-1 SOSIAL EKONOMI
40,5101120,S-1 SOSIAL EKONOMI PEMBANGUNAN
40,5190009,S-1 SOSIAL EKONOMI PERIKANAN
40,5106594,S-1 SOSIAL EKONOMI PERTANIAN
40,5100329,S-1 SOSIAL EKONOMI PERTANIAN AGRIBISNIS
40,5106480,S-1 SOSIAL EKONOMI PETERNAKAN
40,5100047,S-1 SOSIAL ILMU ADMINISTRASI NEGARA
40,5100523,S-1 SOSIAL ILMU PEMERINTAHAN
40,5140323,S-1 SOSIAL ISLAM
40,5103160,S-1 SOSIAL ISLAM KOMUNIKASI PENYIARAN ISLAM
40,5145000,S-1 SOSIAL POLITIK
40,5145061,S-1 SOSIAL POLITIK ADMINISTRASI NEGARA
40,5145064,S-1 SOSIAL POLITIK ADMINISTRASI NIAGA
40,5145023,S-1 SOSIAL POLITIK ADMINISTRASI PEMERINTAHAN
40,5145067,S-1 SOSIAL POLITIK ADMINISTRASI PUBLIK
40,5145063,S-1 SOSIAL POLITIK ADMINSTRASI
40,5145031,S-1 SOSIAL POLITIK HUBUNGAN INTERNASIONAL
40,5145012,S-1 SOSIAL POLITIK ILMU POLITIK
40,5145014,S-1 SOSIAL POLITIK PEMERINTAHAN
40,5145079,S-1 SOSIAL POLITIK PERPUSTAKAAN
40,5190129,S-1 SOSIATRI
40,5145081,S-1 SOSIOLOGI
40,5192559,S-1 SOSIOLOGI AGAMA
40,5210510,S-1 SOSIOLOGI AGAMA KRISTEN
40,5100550,S-1 SOSIOLOGI PEDESAAN
40,5100317,S-1 SOSIOLOGI PEMBANGUNAN
40,5100249,S-1 SOSPOL
40,5151000,S-1 STATISTIK
40,5193495,S-1 STATISTIK (DATA ANALISIS)
40,5100651,S-1 STATISTIK KEUANGAN
40,5119124,S-1 STATISTIK KOMPUTASI
40,5151001,S-1 STATISTIKA
40,5193419,S-1 STATISTIKA BISNIS DAN INDUSTRI
40,5102757,S-1 STATISTIKA DAN SAINS DATA
40,5151050,S-1 STATISTIKA TERAPAN
40,5193137,S-1 STUDI (ILMU) PEMERINTAHAN
40,5193670,S-1 STUDI AGAMA-AGAMA
40,5102615,S-1 STUDI EKONOMI PEMBANGUNAN
40,5210300,S-1 STUDI HUMANITAS
40,5193552,S-1 STUDI ILMU EKONOMI
40,5100923,S-1 STUDI ISLAM
40,5210395,S-1 STUDI KEBIJAKAN PUBLIK
40,5102366,S-1 STUDI KEPEMERINTAHAN
40,5192610,S-1 STUDI PEMBANGUNAN
40,5210078,S-1 STUDI PEMERINTAHAN
40,5210301,S-1 STUDI PERBANDINGAN AGAMA
40,5210302,S-1 STUDI PERBANDINGAN LITERATUR
40,5210303,S-1 STUDI PERTAHANAN
40,9940614,S-1 SUMBER DAYA AKUATIK
40,5106193,S-1 SUMBER DAYA ALAM DAN LINGKUNGAN
40,5101029,S-1 SUMBER DAYA MANUSIA
40,5210079,S-1 SUMBER DAYA PERAIRAN
40,5200126,S-1 SUPERVISI PENDIDIKAN
40,5210572,S-1 SUPPLY CHAIN MANAGEMEMENT
40,5100967,S-1 SYARIAH
40,5100446,S-1 SYARIAH AHWAL AL-SYAKHSHIYAH
40,5103051,S-1 SYARIAH AHWAL AL-SYAKHSIYAH
40,5200058,S-1 SYARIAH DAN EKONOMI ISLAM
40,5119127,S-1 SYARIAH DAN HUKUM
40,6202401,S-1 SYARIAH EKONOMI ISLAM
40,5193517,S-1 SYARIAH FILSAFAT ISLAM
40,5119128,S-1 SYARIAH HUKUM ISLAM
40,5102517,S-1 SYARIAH ISLAMIYAH
40,5103050,S-1 SYARIAH JINAYAH SIYASAH
40,5101058,S-1 SYARIAH MUAMALAH
40,5109935,S-1 SYARIAH MUAMALAH WAL IQTISHAD
40,5101032,S-1 SYARIAH MUAMALAT
40,6202354,S-1 SYARIAH PERADILAN AGAMA
40,5100053,S-1 SYARIAH PERDATA DAN PIDANA ISLAM
40,5193368,S-1 SYARIAH WAL QONUN
40,5102298,S-1 SYARI`AH
40,5102617,S-1 TADRIS AGAMA ISLAM
40,5193369,S-1 TADRIS BAHASA INDONESIA
40,5100064,S-1 TADRIS BAHASA INGGRIS
40,5102508,S-1 TADRIS BIOLOGI
40,5101068,S-1 TADRIS FISIKA
40,5100067,S-1 TADRIS ILMU PENGETAHUAN SOSIAL
40,5193370,S-1 TADRIS IPA
40,5102618,S-1 TADRIS IPS
40,5193371,S-1 TADRIS KIMIA
40,5192762,S-1 TADRIS MATEMATIKA
40,5210512,S-1 TAFSIR ALKITAB
40,5102579,S-1 TAFSIR DAN HADITS
40,5100978,S-1 TAFSIR DAN ILMU-ILMU AL-QURAN
40,5200000,S-1 TAFSIR HADIS
40,5102510,S-1 TAFSIR HADIST
40,5191398,S-1 TAFSIR HADITS
40,5101086,S-1 TARBIAH
40,5140416,S-1 TARBIYAH
40,6202402,S-1 TARBIYAH BAHASA INGGRIS
40,5100962,S-1 TARBIYAH DAN KEGURUAN
40,6202403,S-1 TARBIYAH KI
40,5103162,S-1 TARBIYAH PENDIDIKAN AGAMA ISLAM
40,9940537,"S-1 TARBIYAH, TADRIS INGGRIS"
40,5192778,S-1 TARJAMAH
40,5193374,S-1 TASAWUF DAN PSIKOTERAPI
40,5191429,S-1 TATA BANGUNAN DAN PERUMAHAN
40,5191091,S-1 TATA BOGA
40,5191354,S-1 TATA BUSANA
40,5102756,S-1 TATA KELOLA SENI
40,5101150,S-1 TATA NIAGA
40,5193139,S-1 TATA PERKANTORAN
40,5101344,S-1 TEHNIK
40,5101244,S-1 TEHNIK ELEKTRO
40,5109700,S-1 TEKNIK
40,5100070,S-1 TEKNIK AERONAUTIKA
40,5193546,S-1 TEKNIK ALAT BERAT
40,5100527,S-1 TEKNIK ARSITEK
40,5101345,S-1 TEKNIK ARSITEKTUR
40,5109166,S-1 TEKNIK ARSITEKTUR LANDSCAPE
40,9940618,S-1 TEKNIK ATAU REKAYASA KOMPUTER
40,9940622,S-1 TEKNIK ATAU REKAYASA MESIN
40,5191367,S-1 TEKNIK BANGUNAN
40,5100082,S-1 TEKNIK BANGUNAN DAN PERUMAHAN
40,5103117,S-1 TEKNIK BIOENERGI DAN KEMURGI
40,5102511,S-1 TEKNIK BIOMEDIK
40,5102358,S-1 TEKNIK BIOMEDIS
40,5210177,S-1 TEKNIK BIOPROSES
40,5210082,S-1 TEKNIK BIOSISTEM
40,5102524,S-1 TEKNIK DAN ILMU KOMPUTER/INFORMATIKA
40,5119129,S-1 TEKNIK DAN MANAJEMEN
40,5101749,S-1 TEKNIK DAN MANAJEMEN INDUSTRI
40,5193143,S-1 TEKNIK DAN MANAJEMEN INFORMATIKA
40,5102552,S-1 TEKNIK DAN PENGELOLAAN SUMBER DAYA AIR
40,5102368,S-1 TEKNIK DIRGANTARA
40,5210399,S-1 TEKNIK EKONOMI KONSTRUKSI
40,5191063,S-1 TEKNIK ELEKTRO
40,5101937,S-1 TEKNIK ELEKTRO (INFORMATIKA DAN KOMPUTER)
40,5101134,S-1 TEKNIK ELEKTRO (OPSI SISTEM KOMPUTER)
40,5101156,S-1 TEKNIK ELEKTRO - KONSENTRASI TEKNIK KOMPUTER DAN INFORMATIKA
40,5101155,S-1 TEKNIK ELEKTRO - SISTEM TENAGA
40,5191097,S-1 TEKNIK ELEKTRO ARUS KUAT
40,5193671,S-1 TEKNIK ELEKTRO DAN INFORMATIKA
40,5101159,S-1 TEKNIK ELEKTRO DAN KOMPUTER
40,5109711,S-1 TEKNIK ELEKTRO DAN TELEKOMUNIKASI
40,5101160,S-1 TEKNIK ELEKTRO ENERGI LISTRIK
40,5102834,S-1 TEKNIK ELEKTRO KOMPUTER KONTROL
40,5100133,S-1 TEKNIK ELEKTRO KOMUNIKASI
40,5101161,S-1 TEKNIK ELEKTRO KONSENTRASI KOMPUTER
40,5210534,S-1 TEKNIK ELEKTRO KONTROL
40,5100346,S-1 TEKNIK ELEKTRO LISTRIK
40,5100656,S-1 TEKNIK ELEKTRO TELEKOMUNIKASI
40,5102389,S-1 TEKNIK ELEKTRO/TEKNIK ELEKTRONIKA
40,5190093,S-1 TEKNIK ELEKTRONIKA
40,5100837,S-1 TEKNIK ELEKTRONIKA DAN TELEKOMUNIKASI
40,5109716,S-1 TEKNIK FISIKA
40,5100927,S-1 TEKNIK GEODESI
40,5109780,S-1 TEKNIK GEODESI
40,5192781,S-1 TEKNIK GEODESI DAN GEOMATIKA
40,5210400,S-1 TEKNIK GEODESI DAN LINGKUNGAN
40,5190002,S-1 TEKNIK GEOFISIKA
40,5109781,S-1 TEKNIK GEOLOGI
40,5109923,S-1 TEKNIK GEOMATIKA
40,5191405,S-1 TEKNIK HASIL PERTANIAN
40,5101228,S-1 TEKNIK INDUSTRI
40,5109791,S-1 TEKNIK INDUSTRI
40,5192769,S-1 TEKNIK INDUSTRI PERTANIAN
40,5009031,S-1 TEKNIK INFORMASI
40,5101087,S-1 TEKNIK INFORMATIKA
40,5193453,S-1 TEKNIK INFORMATIKA
40,5192602,S-1 TEKNIK INFORMATIKA DAN KOMPUTER
40,5109792,S-1 TEKNIK INFORMATIKA DAN KOMUNIKASI
40,5193454,S-1 TEKNIK INFORMATIKA DAN SISTEM KOMPUTER
40,5100970,S-1 TEKNIK INFORMATIKA KOMPUTER
40,5193476,S-1 TEKNIK INFORMATIKA TELEKOMUNIKASI
40,5193393,S-1 TEKNIK INFORMATIKA/SISTEM INFORMASI
40,5210304,S-1 TEKNIK INFRASTRUKTUR DAN LINGKUNGAN
40,5210178,S-1 TEKNIK INFRASTRUKTUR LINGKUNGAN
40,5210305,S-1 TEKNIK INSTRUMENTASI DAN AUTOMASI
40,5102103,S-1 TEKNIK KEHUTANAN
40,5109601,S-1 TEKNIK KELAUTAN
40,5210084,S-1 TEKNIK KESELAMATAN
40,5210558,S-1 TEKNIK KESELAMATAN DAN PROTEKSI KEBAKARAN
40,5210306,S-1 TEKNIK KESELAMATAN KEBAKARAN
40,5107216,S-1 TEKNIK KIMIA
40,5101346,S-1 TEKNIK KOMPUTER
40,5009032,S-1 TEKNIK KOMPUTER DAN INFORMATIKA
40,5191287,S-1 TEKNIK KOMPUTER DAN JARINGAN
40,5100152,S-1 TEKNIK KOMPUTER JARINGAN
40,5210307,S-1 TEKNIK KOSMETIK
40,5109785,S-1 TEKNIK LINGKUNGAN
40,5100602,S-1 TEKNIK LINGKUNGAN HIDUP
40,5109790,S-1 TEKNIK LISTRIK
40,5100330,S-1 TEKNIK LISTRIK (ELEKTRO)
40,5193154,S-1 TEKNIK LOGISTIK
40,3171066,S-1 TEKNIK MANAJEMEN INDUSTRI
40,5193155,S-1 TEKNIK MANUFAKTUR
40,5109797,S-1 TEKNIK MATERIAL
40,5100746,S-1 TEKNIK MATERIAL DAN METALURGI
40,5193290,S-1 TEKNIK MEKATRONIKA
40,5109730,S-1 TEKNIK MESIN
40,5100551,S-1 TEKNIK MESIN DAN BIOSISTEM
40,5100595,S-1 TEKNIK MESIN INDUSTRI
40,5192629,S-1 TEKNIK MESIN OTOMOTIF
40,5100122,S-1 TEKNIK MESIN; TEKNIK ELEKTRO
40,5192812,S-1 TEKNIK METALURGI
40,5109000,S-1 TEKNIK METALURGI DAN MATERIAL
40,5210308,S-1 TEKNIK MINYAK DAN GAS
40,5101805,S-1 TEKNIK MULTIMEDIA DAN JARINGAN
40,5199995,S-1 TEKNIK MULTIMEDIA DAN JARINGAN KOMPUTER
40,5109770,S-1 TEKNIK NUKLIR
40,5119130,S-1 TEKNIK OTOMASI INDUSTRI
40,5190184,S-1 TEKNIK OTOMOTIF
40,5102703,S-1 TEKNIK OTOMOTIF ELEKTRONIK
40,5102391,S-1 TEKNIK PANGAN
40,5110218,S-1 TEKNIK PENERBANGAN
40,5109168,S-1 TEKNIK PENGAIRAN
40,5100268,S-1 TEKNIK PENGELOLAAN SUMBER DAYA AIR
40,5102525,S-1 TEKNIK PENGEMBANGAN WILAYAH DAN KOTA
40,5100825,S-1 TEKNIK PENYEHATAN LINGKUNGAN
40,5100376,S-1 TEKNIK PERANGKAT LUNAK
40,5100636,S-1 TEKNIK PERENCANAAN WILAYAH
40,5109167,S-1 TEKNIK PERENCANAAN WILAYAH DAN KOTA
40,5101163,S-1 TEKNIK PERENCANAAN WILAYAH DAN KOTA (S-1 PLANOLOGI)
40,5193376,S-1 TEKNIK PERENCANAAN WILAYAH DAN TATA KOTA
40,5109760,S-1 TEKNIK PERKAPALAN
40,5210181,S-1 TEKNIK PERKERETAAPIAN
40,5190062,S-1 TEKNIK PERMESINAN KAPAL
40,5109789,S-1 TEKNIK PERMINYAKAN
40,5109788,S-1 TEKNIK PERTAMBANGAN
40,5106187,S-1 TEKNIK PERTANIAN
40,5193637,S-1 TEKNIK PERTANIAN DAN BIOSISTEM
40,5190033,S-1 TEKNIK PLANOLOGI
40,5102370,S-1 TEKNIK PRODUKSI BENIH
40,5210403,S-1 TEKNIK REKAYASA KELAUTAN
40,5210404,S-1 TEKNIK REKAYASA LINGKUNGAN
40,5210405,S-1 TEKNIK REKAYASA SIPIL
40,5210182,S-1 TEKNIK ROBOTIKA DAN KECERDASAN BUATAN
40,5101363,S-1 TEKNIK SIPIL
40,5109100,S-1 TEKNIK SIPIL
40,5109106,S-1 TEKNIK SIPIL ARSITEKTUR
40,5109101,S-1 TEKNIK SIPIL BANGUNAN
40,5100731,S-1 TEKNIK SIPIL BIDANG MANAJEMEN KONSTRUKSI
40,5100732,S-1 TEKNIK SIPIL BIDANG PENGAIRAN
40,5191402,S-1 TEKNIK SIPIL BIDANG TRANSPORTASI
40,5191209,S-1 TEKNIK SIPIL DAN LINGKUNGAN
40,5102012,S-1 TEKNIK SIPIL DAN PERENCANAAN
40,5193424,S-1 TEKNIK SIPIL DAN PERENCANAAN TATA RUANG
40,5109122,S-1 TEKNIK SIPIL LINGKUNGAN
40,5210406,S-1 TEKNIK SIPIL PERANCANGAN JALAN DAN JEMBATAN
40,5193720,S-1 TEKNIK SIPIL TATA BANGUNAN
40,5193527,S-1 TEKNIK SIPIL TRANSPORTASI
40,5210407,S-1 TEKNIK SISTEM DAN INDUSTRI
40,5210183,S-1 TEKNIK SISTEM ENERGI
40,5192648,S-1 TEKNIK SISTEM INFORMASI
40,5192692,S-1 TEKNIK SISTEM KOMPUTER
40,5192820,S-1 TEKNIK SISTEM PERKAPALAN
40,5193616,S-1 TEKNIK SUMBER DAYA AIR
40,5210309,S-1 TEKNIK SUMBER DAYA PENGAIRAN
40,7609183,S-1 TEKNIK TATA RUANG
40,5109715,S-1 TEKNIK TELEKOMUNIKASI
40,5100031,S-1 TEKNIK TENAGA LISTRIK
40,5193389,S-1 TEKNIK TRANSPORTASI LAUT
40,5100944,S-1 TEKNOLOGI
40,5193163,S-1 TEKNOLOGI AKUAKULTUR
40,5103009,S-1 TEKNOLOGI BENIH
40,5210185,S-1 TEKNOLOGI BISNIS DIGITAL
40,5199313,S-1 TEKNOLOGI DAN MANAJEMEN AKUAKULTUR
40,5106537,S-1 TEKNOLOGI DAN MANAJEMEN PERIKANAN BUDIDAYA
40,5106538,S-1 TEKNOLOGI DAN MANAJEMEN PERIKANAN TANGKAP
40,5106330,S-1 TEKNOLOGI HASIL HUTAN
40,5192785,S-1 TEKNOLOGI HASIL PERAIRAN
40,5106536,S-1 TEKNOLOGI HASIL PERIKANAN
40,5103014,S-1 TEKNOLOGI HASIL PERKEBUNAN
40,5106120,S-1 TEKNOLOGI HASIL PERTANIAN
40,5101841,S-1 TEKNOLOGI HASIL PETERNAKAN
40,5106433,S-1 TEKNOLOGI HASIL TERNAK
40,5210310,S-1 TEKNOLOGI HAYATI
40,5109356,S-1 TEKNOLOGI INDUSTRI MESIN
40,5193164,S-1 TEKNOLOGI INDUSTRI PANGAN
40,5106117,S-1 TEKNOLOGI INDUSTRI PERTANIAN
40,5109336,S-1 TEKNOLOGI INDUSTRI TEKNIK ELEKTRONIKA
40,5109399,S-1 TEKNOLOGI INDUSTRI TEKNIK INDUSTRI
40,5190068,S-1 TEKNOLOGI INFORMASI
40,5192607,S-1 TEKNOLOGI INFORMASI DAN KOMUNIKASI
40,5100088,S-1 TEKNOLOGI INFORMATIKA
40,5100036,S-1 TEKNOLOGI KELAUTAN
40,5103018,S-1 TEKNOLOGI LABORATORIUM MEDIK
40,5210410,S-1 TEKNOLOGI MEKANISASI PERTANIAN
40,5109202,S-1 TEKNOLOGI MINERAL GEOFISIKA
40,5100581,S-1 TEKNOLOGI PAKAN TERNAK
40,5190089,S-1 TEKNOLOGI PANGAN
40,5104814,S-1 TEKNOLOGI PANGAN DAN GIZI
40,5104815,S-1 TEKNOLOGI PANGAN DAN HASIL PERTANIAN
40,5101877,S-1 TEKNOLOGI PASCA PANEN
40,5100001,S-1 TEKNOLOGI PENANGKAPAN IKAN
40,5110946,S-1 TEKNOLOGI PENDIDIKAN
40,5191375,S-1 TEKNOLOGI PENGOLAHAN HASIL PERIKANAN
40,5106240,S-1 TEKNOLOGI PERKEBUNAN
40,5106111,S-1 TEKNOLOGI PERTANIAN
40,5100015,S-1 TEKNOLOGI PERTANIAN PANGAN
40,6202434,S-1 TEKNOLOGI PRODUKSI
40,5102711,S-1 TEKNOLOGI PRODUKSI DAN PENGEMBANGAN MASYARAKAT PERTANIAN
40,5210411,S-1 TEKNOLOGI PRODUKSI TANAMAN HORTIKULTURA
40,5102542,S-1 TEKNOLOGI PRODUKSI TANAMAN PANGAN
40,5210412,S-1 TEKNOLOGI PRODUKSI TANAMAN PERKEBUNAN
40,5192784,S-1 TEKNOLOGI PRODUKSI TERNAK
40,5210091,S-1 TEKNOLOGI REKAYASA KOMPUTER
40,5210092,S-1 TEKNOLOGI REKAYASA KOMPUTER JARINGAN
40,5210573,S-1 TEKNOLOGI REKAYASA MULTIMEDIA
40,5210095,S-1 TEKNOLOGI REKAYASA OTOMOTIF
40,5210097,S-1 TEKNOLOGI SAINS DATA
40,5191351,S-1 TEKNOLOGI TEKSTIL
40,5109830,S-1 TELEKOMUNIKASI
40,5100815,S-1 TELEVISI DAN FILM
40,5191082,S-1 TEOLOGI
40,5102661,S-1 TEOLOGI (KRISTEN)
40,5102513,S-1 TEOLOGI HINDU
40,5119132,S-1 TEOLOGI ISLAM
40,5210099,S-1 TEOLOGI KATOLIK
40,5190227,S-1 TEOLOGI KEPENDETAAN
40,5101534,S-1 TEOLOGI KRISTEN PROTESTAN
40,5101750,S-1 TERAPAN
40,5210414,S-1 TERAPAN AKUNTANSI
40,5101283,S-1 TERAPAN KEBIDANAN
40,5109902,S-1 TERAPAN PARIWISATA
40,5102305,S-1 TERAPAN PERIKANAN
40,5140421,S-1 THEOLOGI ISLAM
40,5102208,S-1 THEOLOGIA
40,5193288,S-1 TIK (KOMPUTER)
40,5190001,S-1 TRANSPORTASI
40,5109502,S-1 TRANSPORTASI DARAT
40,5109503,S-1 TRANSPORTASI LAUT
40,5210311,S-1 USAHA KOPERASI
40,5190115,S-1 USAHA PERJALANAN WISATA
40,5190029,S-1 USHULUDDIN
40,6202421,S-1 USHULUDDIN DAKWAH
40,5140228,S-1 USHULUDIN
40,9940579,S-1 YOGA KESEHATAN
40,5191329,S-1/A-IV PENDIDIKAN BAHASA INGGRIS
40,5192737,S-1/A-IV PENDIDIKAN JASMANI KESEHATAN DAN REKREASI
40,5191057,S-1/AKTA IV
40,5100279,S-1/D-IV ADMINISTRASI
40,5209105,S-1/D-IV ADMINISTRASI BISNIS
40,6202229,S-1/D-IV ADMINISTRASI NEGARA
40,5209106,S-1/D-IV AKUNTANSI
40,7609185,S-1/D-IV ARSITEKTUR
40,5100280,S-1/D-IV BAHASA INGGRIS
40,7609234,S-1/D-IV BIDANG TEKNIK SIPIL
40,6202287,S-1/D-IV EKONOMI
40,5209107,S-1/D-IV EKONOMI AKUNTANSI
40,5209108,S-1/D-IV EKONOMI MANAJEMEN
40,5100285,S-1/D-IV EKONOMI PEMBANGUNAN
40,5100549,S-1/D-IV ILMU ADMINISTRASI BISNIS
40,5100282,S-1/D-IV ILMU AKUNTANSI
40,5100283,S-1/D-IV ILMU EKONOMI
40,5100537,S-1/D-IV ILMU HUKUM
40,5100273,S-1/D-IV ILMU KOMPUTER
40,5100266,S-1/D-IV KEBIDANAN
40,7609235,S-1/D-IV KESEHATAN LINGKUNGAN
40,5100276,S-1/D-IV KOMPUTER
40,5209110,S-1/D-IV MANAJEMEN
40,5209111,S-1/D-IV MANAJEMEN INFORMATIKA
40,7609236,S-1/D-IV PEMERINTAHAN
40,5101292,S-1/D-IV PENDIDIKAN
40,5101023,S-1/D-IV PENDIDIKAN AGAMA ISLAM
40,5191151,S-1/D-IV PERPAJAKAN
40,7609187,S-1/D-IV RANCANG KOTA
40,5209112,S-1/D-IV SISTEM INFORMASI
40,7609237,S-1/D-IV STATISTIK
40,5100608,S-1/D-IV TEKNIK ARSITEKTUR
40,5209113,S-1/D-IV TEKNIK ELEKTRO
40,5209114,S-1/D-IV TEKNIK GEODESI
40,5209115,S-1/D-IV TEKNIK INFORMATIKA
40,5100302,S-1/D-IV TEKNIK LINGKUNGAN
40,5209118,S-1/D-IV TEKNIK MESIN
40,7609188,S-1/D-IV TEKNIK PLANOLOGI
40,5209119,S-1/D-IV TEKNIK SIPIL
40,5209120,S-1/D-IV TEKNOLOGI INFORMASI
40,5190035,SPP SNAKMA
